"ICES_ACCREU","total_land","land_remaining","2020","2025","2030","2035","2040","2045","2050","2055","2060","2065","2070","2075","2080","2085","2090","2095","2100"
"AUNZ",8495291,8478658.916588722,-0.19578003168200242,NA,NA,NA,NA,NA,NA,NA,NA,NA,NA,NA,NA,NA,NA,NA,NA
"AUNZ",8495291,8459168.022857884,NA,-0.22988179997078806,NA,NA,NA,NA,NA,NA,NA,NA,NA,NA,NA,NA,NA,NA,NA
"AUNZ",8495291,8453392.53794031,NA,NA,-0.0682748575506209,NA,NA,NA,NA,NA,NA,NA,NA,NA,NA,NA,NA,NA,NA
"AUNZ",8495291,8453082.630654674,NA,NA,NA,-0.0036660699742174785,NA,NA,NA,NA,NA,NA,NA,NA,NA,NA,NA,NA,NA
"AUNZ",8495291,8452738.413546761,NA,NA,NA,NA,-0.004072089709195037,NA,NA,NA,NA,NA,NA,NA,NA,NA,NA,NA,NA
"AUNZ",8495291,8452345.004131045,NA,NA,NA,NA,NA,-0.0046542244237168795,NA,NA,NA,NA,NA,NA,NA,NA,NA,NA,NA
"AUNZ",8495291,8451892.480750509,NA,NA,NA,NA,NA,NA,-0.005353820511533325,NA,NA,NA,NA,NA,NA,NA,NA,NA,NA
"AUNZ",8495291,8451405.128827762,NA,NA,NA,NA,NA,NA,NA,-0.005766186967670617,NA,NA,NA,NA,NA,NA,NA,NA,NA
"AUNZ",8495291,8450899.138644548,NA,NA,NA,NA,NA,NA,NA,NA,-0.005987053933642628,NA,NA,NA,NA,NA,NA,NA,NA
"AUNZ",8495291,8450343.954653405,NA,NA,NA,NA,NA,NA,NA,NA,NA,-0.006569525704136492,NA,NA,NA,NA,NA,NA,NA
"AUNZ",8495291,8449719.20648935,NA,NA,NA,NA,NA,NA,NA,NA,NA,NA,-0.007393168460434474,NA,NA,NA,NA,NA,NA
"AUNZ",8495291,8449084.029893588,NA,NA,NA,NA,NA,NA,NA,NA,NA,NA,NA,-0.007517132584411446,NA,NA,NA,NA,NA
"AUNZ",8495291,8448477.848693585,NA,NA,NA,NA,NA,NA,NA,NA,NA,NA,NA,NA,-0.007174519721409034,NA,NA,NA,NA
"AUNZ",8495291,8447856.477682225,NA,NA,NA,NA,NA,NA,NA,NA,NA,NA,NA,NA,NA,-0.007354827964134447,NA,NA,NA
"AUNZ",8495291,8447190.460054766,NA,NA,NA,NA,NA,NA,NA,NA,NA,NA,NA,NA,NA,NA,-0.007883865323921047,NA,NA
"AUNZ",8495291,8446487.480153037,NA,NA,NA,NA,NA,NA,NA,NA,NA,NA,NA,NA,NA,NA,NA,-0.008322055777643111,NA
"AUNZ",8495291,8445752.660871584,NA,NA,NA,NA,NA,NA,NA,NA,NA,NA,NA,NA,NA,NA,NA,NA,-0.008699702487924288
"Brazil",8358140,8350643.0504,-0.08969638699519722,NA,NA,NA,NA,NA,NA,NA,NA,NA,NA,NA,NA,NA,NA,NA,NA
"Brazil",8358140,8341812.170708,NA,-0.10575089413715766,NA,NA,NA,NA,NA,NA,NA,NA,NA,NA,NA,NA,NA,NA,NA
"Brazil",8358140,8339088.018196,NA,NA,-0.032656603340530665,NA,NA,NA,NA,NA,NA,NA,NA,NA,NA,NA,NA,NA,NA
"Brazil",8358140,8338818.516788,NA,NA,NA,-0.003231785147383981,NA,NA,NA,NA,NA,NA,NA,NA,NA,NA,NA,NA,NA
"Brazil",8358140,8338568.9491,NA,NA,NA,NA,-0.002992842301319243,NA,NA,NA,NA,NA,NA,NA,NA,NA,NA,NA,NA
"Brazil",8358140,8338271.623045,NA,NA,NA,NA,NA,-0.0035656724410970675,NA,NA,NA,NA,NA,NA,NA,NA,NA,NA,NA
"Brazil",8358140,8337881.410565,NA,NA,NA,NA,NA,NA,-0.004679776548921488,NA,NA,NA,NA,NA,NA,NA,NA,NA,NA
"Brazil",8358140,8337427.00423,NA,NA,NA,NA,NA,NA,NA,-0.005449901631171539,NA,NA,NA,NA,NA,NA,NA,NA,NA
"Brazil",8358140,8336927.53242,NA,NA,NA,NA,NA,NA,NA,NA,-0.005990718836235143,NA,NA,NA,NA,NA,NA,NA,NA
"Brazil",8358140,8336374.784285,NA,NA,NA,NA,NA,NA,NA,NA,NA,-0.006630118024308906,NA,NA,NA,NA,NA,NA,NA
"Brazil",8358140,8335763.285925,NA,NA,NA,NA,NA,NA,NA,NA,NA,NA,-0.007335303124234027,NA,NA,NA,NA,NA,NA
"Brazil",8358140,8335095.192135,NA,NA,NA,NA,NA,NA,NA,NA,NA,NA,NA,-0.008014788413301943,NA,NA,NA,NA,NA
"Brazil",8358140,8334371.939445,NA,NA,NA,NA,NA,NA,NA,NA,NA,NA,NA,NA,-0.008677197720330376,NA,NA,NA,NA
"Brazil",8358140,8333703.349905,NA,NA,NA,NA,NA,NA,NA,NA,NA,NA,NA,NA,NA,-0.008022074666902412,NA,NA,NA
"Brazil",8358140,8333162.638215,NA,NA,NA,NA,NA,NA,NA,NA,NA,NA,NA,NA,NA,NA,-0.006488252188707744,NA,NA
"Brazil",8358140,8332623.971955,NA,NA,NA,NA,NA,NA,NA,NA,NA,NA,NA,NA,NA,NA,NA,-0.00646412752739467,NA
"Brazil",8358140,8332003.462845,NA,NA,NA,NA,NA,NA,NA,NA,NA,NA,NA,NA,NA,NA,NA,NA,-0.007446743211847462
"Canada",9199204,9189098.816016538,-0.10984846062183085,NA,NA,NA,NA,NA,NA,NA,NA,NA,NA,NA,NA,NA,NA,NA,NA
"Canada",9199204,9177275.442829514,NA,-0.12866738538512834,NA,NA,NA,NA,NA,NA,NA,NA,NA,NA,NA,NA,NA,NA,NA
"Canada",9199204,9173816.403173735,NA,NA,-0.03769135706264137,NA,NA,NA,NA,NA,NA,NA,NA,NA,NA,NA,NA,NA,NA
"Canada",9199204,9173697.710701006,NA,NA,NA,-0.0012938178345134332,NA,NA,NA,NA,NA,NA,NA,NA,NA,NA,NA,NA,NA
"Canada",9199204,9173570.041179195,NA,NA,NA,NA,-0.0013916909607947225,NA,NA,NA,NA,NA,NA,NA,NA,NA,NA,NA,NA
"Canada",9199204,9173439.385135246,NA,NA,NA,NA,NA,-0.0014242660530405793,NA,NA,NA,NA,NA,NA,NA,NA,NA,NA,NA
"Canada",9199204,9173309.736253785,NA,NA,NA,NA,NA,NA,-0.0014133072233635247,NA,NA,NA,NA,NA,NA,NA,NA,NA,NA
"Canada",9199204,9173170.848566659,NA,NA,NA,NA,NA,NA,NA,-0.001514041181638337,NA,NA,NA,NA,NA,NA,NA,NA,NA
"Canada",9199204,9173015.891428437,NA,NA,NA,NA,NA,NA,NA,NA,-0.0016892429104409246,NA,NA,NA,NA,NA,NA,NA,NA
"Canada",9199204,9172856.160974886,NA,NA,NA,NA,NA,NA,NA,NA,NA,-0.0017413079344996696,NA,NA,NA,NA,NA,NA,NA
"Canada",9199204,9172699.187963191,NA,NA,NA,NA,NA,NA,NA,NA,NA,NA,-0.0017112773703198414,NA,NA,NA,NA,NA,NA
"Canada",9199204,9172561.974463454,NA,NA,NA,NA,NA,NA,NA,NA,NA,NA,NA,-0.0014958901074391129,NA,NA,NA,NA,NA
"Canada",9199204,9172455.85518908,NA,NA,NA,NA,NA,NA,NA,NA,NA,NA,NA,NA,-0.0011569207672756932,NA,NA,NA,NA
"Canada",9199204,9172349.028038815,NA,NA,NA,NA,NA,NA,NA,NA,NA,NA,NA,NA,NA,-0.001164651560625618,NA,NA,NA
"Canada",9199204,9172220.291611822,NA,NA,NA,NA,NA,NA,NA,NA,NA,NA,NA,NA,NA,NA,-0.0014035273472323695,NA,NA
"Canada",9199204,9172057.85606569,NA,NA,NA,NA,NA,NA,NA,NA,NA,NA,NA,NA,NA,NA,NA,-0.001770951208834859,NA
"Canada",9199204,9171853.861505479,NA,NA,NA,NA,NA,NA,NA,NA,NA,NA,NA,NA,NA,NA,NA,NA,-0.002224087150481946
"China",9389260,9388844.0896534,-0.004429639253777928,NA,NA,NA,NA,NA,NA,NA,NA,NA,NA,NA,NA,NA,NA,NA,NA
"China",9389260,9388356.773484595,NA,-0.005190374492880512,NA,NA,NA,NA,NA,NA,NA,NA,NA,NA,NA,NA,NA,NA,NA
"China",9389260,9388212.570219446,NA,NA,-0.0015359798165803795,NA,NA,NA,NA,NA,NA,NA,NA,NA,NA,NA,NA,NA,NA
"China",9389260,9388205.39916521,NA,NA,NA,-7.638359467154743e-5,NA,NA,NA,NA,NA,NA,NA,NA,NA,NA,NA,NA,NA
"China",9389260,9388197.873193383,NA,NA,NA,NA,-8.016411556788228e-5,NA,NA,NA,NA,NA,NA,NA,NA,NA,NA,NA,NA
"China",9389260,9388189.650132673,NA,NA,NA,NA,NA,-8.75893416574236e-5,NA,NA,NA,NA,NA,NA,NA,NA,NA,NA,NA
"China",9389260,9388180.501868878,NA,NA,NA,NA,NA,NA,-9.744438635994612e-5,NA,NA,NA,NA,NA,NA,NA,NA,NA,NA
"China",9389260,9388171.182960335,NA,NA,NA,NA,NA,NA,NA,-9.926213647704074e-5,NA,NA,NA,NA,NA,NA,NA,NA,NA
"China",9389260,9388162.196445942,NA,NA,NA,NA,NA,NA,NA,NA,-9.572167164462186e-5,NA,NA,NA,NA,NA,NA,NA,NA
"China",9389260,9388152.704111574,NA,NA,NA,NA,NA,NA,NA,NA,NA,-1.011096119718502e-4,NA,NA,NA,NA,NA,NA,NA
"China",9389260,9388142.14714782,NA,NA,NA,NA,NA,NA,NA,NA,NA,NA,-1.1244985129721385e-4,NA,NA,NA,NA,NA,NA
"China",9389260,9388130.776712364,NA,NA,NA,NA,NA,NA,NA,NA,NA,NA,NA,-1.2111486252797121e-4,NA,NA,NA,NA,NA
"China",9389260,9388118.760243665,NA,NA,NA,NA,NA,NA,NA,NA,NA,NA,NA,NA,-1.2799639229621462e-4,NA,NA,NA,NA
"China",9389260,9388106.317834945,NA,NA,NA,NA,NA,NA,NA,NA,NA,NA,NA,NA,NA,-1.3253356756504076e-4,NA,NA,NA
"China",9389260,9388093.596215013,NA,NA,NA,NA,NA,NA,NA,NA,NA,NA,NA,NA,NA,NA,-1.3550783833915503e-4,NA,NA
"China",9389260,9388079.9858183,NA,NA,NA,NA,NA,NA,NA,NA,NA,NA,NA,NA,NA,NA,NA,-1.449750854476406e-4,NA
"China",9389260,9388065.080267757,NA,NA,NA,NA,NA,NA,NA,NA,NA,NA,NA,NA,NA,NA,NA,NA,-1.587710220407601e-4
"FSU",17025760,17012873.7270763,-0.07568691749266776,NA,NA,NA,NA,NA,NA,NA,NA,NA,NA,NA,NA,NA,NA,NA,NA
"FSU",17025760,16997666.180537477,NA,-0.08938846418767854,NA,NA,NA,NA,NA,NA,NA,NA,NA,NA,NA,NA,NA,NA,NA
"FSU",17025760,16992907.925666448,NA,NA,-0.027993577591711727,NA,NA,NA,NA,NA,NA,NA,NA,NA,NA,NA,NA,NA,NA
"FSU",17025760,16992308.791912388,NA,NA,NA,-0.0035257870911853395,NA,NA,NA,NA,NA,NA,NA,NA,NA,NA,NA,NA,NA
"FSU",17025760,16991675.332241405,NA,NA,NA,NA,-0.003727919959206627,NA,NA,NA,NA,NA,NA,NA,NA,NA,NA,NA,NA
"FSU",17025760,16990977.728788134,NA,NA,NA,NA,NA,-0.004105560161848931,NA,NA,NA,NA,NA,NA,NA,NA,NA,NA,NA
"FSU",17025760,16990196.102975667,NA,NA,NA,NA,NA,NA,-0.004600240344865281,NA,NA,NA,NA,NA,NA,NA,NA,NA,NA
"FSU",17025760,16989358.4931449,NA,NA,NA,NA,NA,NA,NA,-0.004929959758503966,NA,NA,NA,NA,NA,NA,NA,NA,NA
"FSU",17025760,16988483.59152311,NA,NA,NA,NA,NA,NA,NA,NA,-0.005149703693296814,NA,NA,NA,NA,NA,NA,NA,NA
"FSU",17025760,16987613.62744264,NA,NA,NA,NA,NA,NA,NA,NA,NA,-0.005120904851718677,NA,NA,NA,NA,NA,NA,NA
"FSU",17025760,16986776.75379172,NA,NA,NA,NA,NA,NA,NA,NA,NA,NA,-0.004926375589142662,NA,NA,NA,NA,NA,NA
"FSU",17025760,16985986.61724614,NA,NA,NA,NA,NA,NA,NA,NA,NA,NA,NA,-0.0046514801308794596,NA,NA,NA,NA,NA
"FSU",17025760,16985252.31558976,NA,NA,NA,NA,NA,NA,NA,NA,NA,NA,NA,NA,-0.004322985016569358,NA,NA,NA,NA
"FSU",17025760,16984528.640568234,NA,NA,NA,NA,NA,NA,NA,NA,NA,NA,NA,NA,NA,-0.004260608014994283,NA,NA,NA
"FSU",17025760,16983785.453345336,NA,NA,NA,NA,NA,NA,NA,NA,NA,NA,NA,NA,NA,NA,-0.0043756717576615145,NA,NA
"FSU",17025760,16982949.68866313,NA,NA,NA,NA,NA,NA,NA,NA,NA,NA,NA,NA,NA,NA,NA,-0.0049209564293106745,NA
"FSU",17025760,16981972.636349656,NA,NA,NA,NA,NA,NA,NA,NA,NA,NA,NA,NA,NA,NA,NA,NA,-0.005753136712904894
"India",2973190,2971420.2898,-0.05952227069242477,NA,NA,NA,NA,NA,NA,NA,NA,NA,NA,NA,NA,NA,NA,NA,NA
"India",2973190,2969347.85115255,NA,-0.0697457257919365,NA,NA,NA,NA,NA,NA,NA,NA,NA,NA,NA,NA,NA,NA,NA
"India",2973190,2968737.20975935,NA,NA,-0.020564831869163136,NA,NA,NA,NA,NA,NA,NA,NA,NA,NA,NA,NA,NA,NA
"India",2973190,2968701.2074708,NA,NA,NA,-0.0012127138916739888,NA,NA,NA,NA,NA,NA,NA,NA,NA,NA,NA,NA,NA
"India",2973190,2968648.4055205,NA,NA,NA,NA,-0.0017786212424097947,NA,NA,NA,NA,NA,NA,NA,NA,NA,NA,NA,NA
"India",2973190,2968584.360424,NA,NA,NA,NA,NA,-0.002157382342116154,NA,NA,NA,NA,NA,NA,NA,NA,NA,NA,NA
"India",2973190,2968512.776525,NA,NA,NA,NA,NA,NA,-0.0024113816657567178,NA,NA,NA,NA,NA,NA,NA,NA,NA,NA
"India",2973190,2968439.2388875,NA,NA,NA,NA,NA,NA,NA,-0.0024772552128293768,NA,NA,NA,NA,NA,NA,NA,NA,NA
"India",2973190,2968367.4708875,NA,NA,NA,NA,NA,NA,NA,NA,-0.002417701499835001,NA,NA,NA,NA,NA,NA,NA,NA
"India",2973190,2968290.333107,NA,NA,NA,NA,NA,NA,NA,NA,NA,-0.0025986600801997106,NA,NA,NA,NA,NA,NA,NA
"India",2973190,2968203.065934,NA,NA,NA,NA,NA,NA,NA,NA,NA,NA,-0.0029399810398178516,NA,NA,NA,NA,NA,NA
"India",2973190,2968108.606619,NA,NA,NA,NA,NA,NA,NA,NA,NA,NA,NA,-0.0031823737426939225,NA,NA,NA,NA,NA
"India",2973190,2968008.913329,NA,NA,NA,NA,NA,NA,NA,NA,NA,NA,NA,NA,-0.0033588154347730104,NA,NA,NA,NA
"India",2973190,2967905.518869,NA,NA,NA,NA,NA,NA,NA,NA,NA,NA,NA,NA,NA,-0.003483630373746216,NA,NA,NA
"India",2973190,2967799.445109,NA,NA,NA,NA,NA,NA,NA,NA,NA,NA,NA,NA,NA,NA,-0.003574027519603895,NA,NA
"India",2973190,2967687.9682425,NA,NA,NA,NA,NA,NA,NA,NA,NA,NA,NA,NA,NA,NA,NA,-0.0037562129302171066,NA
"India",2973190,2967569.2723985,NA,NA,NA,NA,NA,NA,NA,NA,NA,NA,NA,NA,NA,NA,NA,NA,-0.003999606605220585
"Indonesia",1892555.47,1887499.9708,-0.26712554956183077,NA,NA,NA,NA,NA,NA,NA,NA,NA,NA,NA,NA,NA,NA,NA,NA
"Indonesia",1892555.47,1881559.403042,NA,-0.3147320715179758,NA,NA,NA,NA,NA,NA,NA,NA,NA,NA,NA,NA,NA,NA,NA
"Indonesia",1892555.47,1879760.942354,NA,NA,-0.09558351892012817,NA,NA,NA,NA,NA,NA,NA,NA,NA,NA,NA,NA,NA,NA
"Indonesia",1892555.47,1879606.410709,NA,NA,NA,-0.00822081369593608,NA,NA,NA,NA,NA,NA,NA,NA,NA,NA,NA,NA,NA
"Indonesia",1892555.47,1879430.356089,NA,NA,NA,NA,-0.00936656839416461,NA,NA,NA,NA,NA,NA,NA,NA,NA,NA,NA,NA
"Indonesia",1892555.47,1879222.3474925,NA,NA,NA,NA,NA,-0.01106764056598708,NA,NA,NA,NA,NA,NA,NA,NA,NA,NA,NA
"Indonesia",1892555.47,1878975.4309185,NA,NA,NA,NA,NA,NA,-0.013139295322306399,NA,NA,NA,NA,NA,NA,NA,NA,NA,NA
"Indonesia",1892555.47,1878715.743063,NA,NA,NA,NA,NA,NA,NA,-0.013820715866041944,NA,NA,NA,NA,NA,NA,NA,NA,NA
"Indonesia",1892555.47,1878460.70839,NA,NA,NA,NA,NA,NA,NA,NA,-0.013574947351224775,NA,NA,NA,NA,NA,NA,NA,NA
"Indonesia",1892555.47,1878182.55012,NA,NA,NA,NA,NA,NA,NA,NA,NA,-0.014807776854619537,NA,NA,NA,NA,NA,NA,NA
"Indonesia",1892555.47,1877862.7504,NA,NA,NA,NA,NA,NA,NA,NA,NA,NA,-0.01702708397431918,NA,NA,NA,NA,NA,NA
"Indonesia",1892555.47,1877521.0339374999,NA,NA,NA,NA,NA,NA,NA,NA,NA,NA,NA,-0.01819709467197894,NA,NA,NA,NA,NA
"Indonesia",1892555.47,1877170.5505375,NA,NA,NA,NA,NA,NA,NA,NA,NA,NA,NA,NA,-0.018667348789414007,NA,NA,NA,NA
"Indonesia",1892555.47,1876803.603685,NA,NA,NA,NA,NA,NA,NA,NA,NA,NA,NA,NA,NA,-0.01954786965920885,NA,NA,NA
"Indonesia",1892555.47,1876415.06237,NA,NA,NA,NA,NA,NA,NA,NA,NA,NA,NA,NA,NA,NA,-0.02070228947969044,NA,NA
"Indonesia",1892555.47,1876000.44478,NA,NA,NA,NA,NA,NA,NA,NA,NA,NA,NA,NA,NA,NA,NA,-0.0220962620858689,NA
"Indonesia",1892555.47,1875556.7630399999,NA,NA,NA,NA,NA,NA,NA,NA,NA,NA,NA,NA,NA,NA,NA,NA,-0.02365040697269727
"JPNKOR",582543,581816.36899218,-0.12473431280094482,NA,NA,NA,NA,NA,NA,NA,NA,NA,NA,NA,NA,NA,NA,NA,NA
"JPNKOR",582543,580964.528624732,NA,-0.1464105193402343,NA,NA,NA,NA,NA,NA,NA,NA,NA,NA,NA,NA,NA,NA,NA
"JPNKOR",582543,580711.373777704,NA,NA,-0.04357492317600409,NA,NA,NA,NA,NA,NA,NA,NA,NA,NA,NA,NA,NA,NA
"JPNKOR",582543,580696.4775685819,NA,NA,NA,-0.0025651657251213322,NA,NA,NA,NA,NA,NA,NA,NA,NA,NA,NA,NA,NA
"JPNKOR",582543,580679.5554090232,NA,NA,NA,NA,-0.002914114380303534,NA,NA,NA,NA,NA,NA,NA,NA,NA,NA,NA,NA
"JPNKOR",582543,580659.7777677389,NA,NA,NA,NA,NA,-0.0034059475833236874,NA,NA,NA,NA,NA,NA,NA,NA,NA,NA,NA
"JPNKOR",582543,580636.5916238703,NA,NA,NA,NA,NA,NA,-0.003993068705010483,NA,NA,NA,NA,NA,NA,NA,NA,NA,NA
"JPNKOR",582543,580612.8670659262,NA,NA,NA,NA,NA,NA,NA,-0.004085956394472845,NA,NA,NA,NA,NA,NA,NA,NA,NA
"JPNKOR",582543,580590.5174862461,NA,NA,NA,NA,NA,NA,NA,NA,-0.0038493083684310037,NA,NA,NA,NA,NA,NA,NA,NA
"JPNKOR",582543,580567.5750264159,NA,NA,NA,NA,NA,NA,NA,NA,NA,-0.003951573292915178,NA,NA,NA,NA,NA,NA,NA
"JPNKOR",582543,580542.7277808262,NA,NA,NA,NA,NA,NA,NA,NA,NA,NA,-0.004279819724439804,NA,NA,NA,NA,NA,NA
"JPNKOR",582543,580516.7956292919,NA,NA,NA,NA,NA,NA,NA,NA,NA,NA,NA,-0.004466880781262006,NA,NA,NA,NA,NA
"JPNKOR",582543,580490.3251583565,NA,NA,NA,NA,NA,NA,NA,NA,NA,NA,NA,NA,-0.004559811384396983,NA,NA,NA,NA
"JPNKOR",582543,580463.7204517088,NA,NA,NA,NA,NA,NA,NA,NA,NA,NA,NA,NA,NA,-0.004583143851777383,NA,NA,NA
"JPNKOR",582543,580437.2508984752,NA,NA,NA,NA,NA,NA,NA,NA,NA,NA,NA,NA,NA,NA,-0.0045600702164416695,NA,NA
"JPNKOR",582543,580407.4148380004,NA,NA,NA,NA,NA,NA,NA,NA,NA,NA,NA,NA,NA,NA,NA,-0.005140273204129464,NA
"JPNKOR",582543,580371.8778298476,NA,NA,NA,NA,NA,NA,NA,NA,NA,NA,NA,NA,NA,NA,NA,NA,-0.006122769496785807
"LACA",8260251.63,8252041.635360879,-0.09939158038846374,NA,NA,NA,NA,NA,NA,NA,NA,NA,NA,NA,NA,NA,NA,NA,NA
"LACA",8260251.63,8242389.595676599,NA,-0.11696547485799957,NA,NA,NA,NA,NA,NA,NA,NA,NA,NA,NA,NA,NA,NA,NA
"LACA",8260251.63,8239456.363849413,NA,NA,-0.035587153375093994,NA,NA,NA,NA,NA,NA,NA,NA,NA,NA,NA,NA,NA,NA
"LACA",8260251.63,8239198.367534679,NA,NA,NA,-0.0031312298207630818,NA,NA,NA,NA,NA,NA,NA,NA,NA,NA,NA,NA,NA
"LACA",8260251.63,8238919.8918359745,NA,NA,NA,NA,-0.0033798882643987227,NA,NA,NA,NA,NA,NA,NA,NA,NA,NA,NA,NA
"LACA",8260251.63,8238589.009979406,NA,NA,NA,NA,NA,-0.00401608294426925,NA,NA,NA,NA,NA,NA,NA,NA,NA,NA,NA
"LACA",8260251.63,8238184.437449046,NA,NA,NA,NA,NA,NA,-0.004910701697458109,NA,NA,NA,NA,NA,NA,NA,NA,NA,NA
"LACA",8260251.63,8237744.486326368,NA,NA,NA,NA,NA,NA,NA,-0.005340389329944184,NA,NA,NA,NA,NA,NA,NA,NA,NA
"LACA",8260251.63,8237294.697999019,NA,NA,NA,NA,NA,NA,NA,NA,-0.005460090782072324,NA,NA,NA,NA,NA,NA,NA,NA
"LACA",8260251.63,8236830.049606874,NA,NA,NA,NA,NA,NA,NA,NA,NA,-0.005640788744132319,NA,NA,NA,NA,NA,NA,NA
"LACA",8260251.63,8236347.192576513,NA,NA,NA,NA,NA,NA,NA,NA,NA,NA,-0.005862170609971518,NA,NA,NA,NA,NA,NA
"LACA",8260251.63,8235834.594513652,NA,NA,NA,NA,NA,NA,NA,NA,NA,NA,NA,-0.006223609215050274,NA,NA,NA,NA,NA
"LACA",8260251.63,8235284.567155438,NA,NA,NA,NA,NA,NA,NA,NA,NA,NA,NA,NA,-0.006678465332232708,NA,NA,NA,NA
"LACA",8260251.63,8234702.959465809,NA,NA,NA,NA,NA,NA,NA,NA,NA,NA,NA,NA,NA,-0.007062387278611304,NA,NA,NA
"LACA",8260251.63,8234093.670754062,NA,NA,NA,NA,NA,NA,NA,NA,NA,NA,NA,NA,NA,NA,-0.007399036914224055,NA,NA
"LACA",8260251.63,8233438.906985195,NA,NA,NA,NA,NA,NA,NA,NA,NA,NA,NA,NA,NA,NA,NA,-0.007951862039079494,NA
"LACA",8260251.63,8232726.805469208,NA,NA,NA,NA,NA,NA,NA,NA,NA,NA,NA,NA,NA,NA,NA,NA,-0.0086488953647601
"MENA",11963248,11960911.005131233,-0.019534785776964547,NA,NA,NA,NA,NA,NA,NA,NA,NA,NA,NA,NA,NA,NA,NA,NA
"MENA",11963248,11958170.206850812,NA,-0.022914628152037597,NA,NA,NA,NA,NA,NA,NA,NA,NA,NA,NA,NA,NA,NA,NA
"MENA",11963248,11957353.063849596,NA,NA,-0.00683334479339992,NA,NA,NA,NA,NA,NA,NA,NA,NA,NA,NA,NA,NA,NA
"MENA",11963248,11957304.88699002,NA,NA,NA,-4.0290572101975286e-4,NA,NA,NA,NA,NA,NA,NA,NA,NA,NA,NA,NA,NA
"MENA",11963248,11957255.883513702,NA,NA,NA,NA,-4.0982041338288866e-4,NA,NA,NA,NA,NA,NA,NA,NA,NA,NA,NA,NA
"MENA",11963248,11957203.948803049,NA,NA,NA,NA,NA,-4.343363657954846e-4,NA,NA,NA,NA,NA,NA,NA,NA,NA,NA,NA
"MENA",11963248,11957147.679779662,NA,NA,NA,NA,NA,NA,-4.705867996168678e-4,NA,NA,NA,NA,NA,NA,NA,NA,NA,NA
"MENA",11963248,11957089.672340745,NA,NA,NA,NA,NA,NA,NA,-4.851277283668409e-4,NA,NA,NA,NA,NA,NA,NA,NA,NA
"MENA",11963248,11957031.657084435,NA,NA,NA,NA,NA,NA,NA,NA,-4.8519546059777596e-4,NA,NA,NA,NA,NA,NA,NA,NA
"MENA",11963248,11956966.627216674,NA,NA,NA,NA,NA,NA,NA,NA,NA,-5.438629722354094e-4,NA,NA,NA,NA,NA,NA,NA
"MENA",11963248,11956889.91154143,NA,NA,NA,NA,NA,NA,NA,NA,NA,NA,-6.415981380181179e-4,NA,NA,NA,NA,NA,NA
"MENA",11963248,11956805.954306949,NA,NA,NA,NA,NA,NA,NA,NA,NA,NA,NA,-7.021661577732985e-4,NA,NA,NA,NA,NA
"MENA",11963248,11956717.718345394,NA,NA,NA,NA,NA,NA,NA,NA,NA,NA,NA,NA,-7.379559548881254e-4,NA,NA,NA,NA
"MENA",11963248,11956631.528707823,NA,NA,NA,NA,NA,NA,NA,NA,NA,NA,NA,NA,NA,-7.208469715691557e-4,NA,NA,NA
"MENA",11963248,11956551.602094939,NA,NA,NA,NA,NA,NA,NA,NA,NA,NA,NA,NA,NA,NA,-6.684709877635697e-4,NA,NA
"MENA",11963248,11956472.393623438,NA,NA,NA,NA,NA,NA,NA,NA,NA,NA,NA,NA,NA,NA,NA,-6.624691979539854e-4,NA
"MENA",11963248,11956390.206704453,NA,NA,NA,NA,NA,NA,NA,NA,NA,NA,NA,NA,NA,NA,NA,NA,-6.873843411248082e-4
"Mexico",1943950,1941535.8178,-0.12418952133541605,NA,NA,NA,NA,NA,NA,NA,NA,NA,NA,NA,NA,NA,NA,NA,NA
"Mexico",1943950,1938696.5105625,NA,-0.14624027079331858,NA,NA,NA,NA,NA,NA,NA,NA,NA,NA,NA,NA,NA,NA,NA
"Mexico",1943950,1937831.0862625,NA,NA,-0.0446394933546812,NA,NA,NA,NA,NA,NA,NA,NA,NA,NA,NA,NA,NA,NA
"Mexico",1943950,1937752.425514,NA,NA,NA,-0.004059215948049033,NA,NA,NA,NA,NA,NA,NA,NA,NA,NA,NA,NA,NA
"Mexico",1943950,1937669.115393,NA,NA,NA,NA,-0.004299317080092013,NA,NA,NA,NA,NA,NA,NA,NA,NA,NA,NA,NA
"Mexico",1943950,1937572.1589895,NA,NA,NA,NA,NA,-0.005003764715538761,NA,NA,NA,NA,NA,NA,NA,NA,NA,NA,NA
"Mexico",1943950,1937455.5583635,NA,NA,NA,NA,NA,NA,-0.00601787270007037,NA,NA,NA,NA,NA,NA,NA,NA,NA,NA
"Mexico",1943950,1937336.781297,NA,NA,NA,NA,NA,NA,NA,-0.006130569859397195,NA,NA,NA,NA,NA,NA,NA,NA,NA
"Mexico",1943950,1937227.472978,NA,NA,NA,NA,NA,NA,NA,NA,-0.005642194999599948,NA,NA,NA,NA,NA,NA,NA,NA
"Mexico",1943950,1937121.08838,NA,NA,NA,NA,NA,NA,NA,NA,NA,-0.005491590403494673,NA,NA,NA,NA,NA,NA,NA
"Mexico",1943950,1937013.264152,NA,NA,NA,NA,NA,NA,NA,NA,NA,NA,-0.005566210013763229,NA,NA,NA,NA,NA,NA
"Mexico",1943950,1936897.9049465,NA,NA,NA,NA,NA,NA,NA,NA,NA,NA,NA,-0.005955519646405616,NA,NA,NA,NA,NA
"Mexico",1943950,1936770.9471985,NA,NA,NA,NA,NA,NA,NA,NA,NA,NA,NA,NA,-0.0065546948900041535,NA,NA,NA,NA
"Mexico",1943950,1936632.8634785,NA,NA,NA,NA,NA,NA,NA,NA,NA,NA,NA,NA,NA,-0.00712958443536138,NA,NA,NA
"Mexico",1943950,1936483.9688335,NA,NA,NA,NA,NA,NA,NA,NA,NA,NA,NA,NA,NA,NA,-0.007688325846766375,NA,NA
"Mexico",1943950,1936324.7188,NA,NA,NA,NA,NA,NA,NA,NA,NA,NA,NA,NA,NA,NA,NA,-0.008223669085993812,NA
"Mexico",1943950,1936155.417069,NA,NA,NA,NA,NA,NA,NA,NA,NA,NA,NA,NA,NA,NA,NA,NA,-0.008743457611015693
"REastAsia",2301087,2296596.13116,-0.19516293125814155,NA,NA,NA,NA,NA,NA,NA,NA,NA,NA,NA,NA,NA,NA,NA,NA
"REastAsia",2301087,2291323.1098139,NA,-0.2296015949237118,NA,NA,NA,NA,NA,NA,NA,NA,NA,NA,NA,NA,NA,NA,NA
"REastAsia",2301087,2289736.3552243,NA,NA,-0.06925058202414958,NA,NA,NA,NA,NA,NA,NA,NA,NA,NA,NA,NA,NA,NA
"REastAsia",2301087,2289619.743610428,NA,NA,NA,-0.005092796539918343,NA,NA,NA,NA,NA,NA,NA,NA,NA,NA,NA,NA,NA
"REastAsia",2301087,2289495.859118436,NA,NA,NA,NA,-0.005410701595232048,NA,NA,NA,NA,NA,NA,NA,NA,NA,NA,NA,NA
"REastAsia",2301087,2289352.3106620885,NA,NA,NA,NA,NA,-0.006269871848674224,NA,NA,NA,NA,NA,NA,NA,NA,NA,NA,NA
"REastAsia",2301087,2289180.8375172284,NA,NA,NA,NA,NA,NA,-0.007490028688961203,NA,NA,NA,NA,NA,NA,NA,NA,NA,NA
"REastAsia",2301087,2289000.3267405825,NA,NA,NA,NA,NA,NA,NA,-0.007885387370343278,NA,NA,NA,NA,NA,NA,NA,NA,NA
"REastAsia",2301087,2288823.3697033017,NA,NA,NA,NA,NA,NA,NA,NA,-0.0077307563137285484,NA,NA,NA,NA,NA,NA,NA,NA
"REastAsia",2301087,2288640.493911342,NA,NA,NA,NA,NA,NA,NA,NA,NA,-0.007989947777542472,NA,NA,NA,NA,NA,NA,NA
"REastAsia",2301087,2288445.384368675,NA,NA,NA,NA,NA,NA,NA,NA,NA,NA,-0.008525128485070699,NA,NA,NA,NA,NA,NA
"REastAsia",2301087,2288240.701027306,NA,NA,NA,NA,NA,NA,NA,NA,NA,NA,NA,-0.00894420914596683,NA,NA,NA,NA,NA
"REastAsia",2301087,2288028.217188572,NA,NA,NA,NA,NA,NA,NA,NA,NA,NA,NA,NA,-0.009285904172506854,NA,NA,NA,NA
"REastAsia",2301087,2287803.9833263713,NA,NA,NA,NA,NA,NA,NA,NA,NA,NA,NA,NA,NA,-0.009800310176077964,NA,NA,NA
"REastAsia",2301087,2287565.3664233037,NA,NA,NA,NA,NA,NA,NA,NA,NA,NA,NA,NA,NA,NA,-0.010429953999846475,NA,NA
"REastAsia",2301087,2287303.7941779364,NA,NA,NA,NA,NA,NA,NA,NA,NA,NA,NA,NA,NA,NA,NA,-0.011434525509379512,NA
"REastAsia",2301087,2287013.5517226495,NA,NA,NA,NA,NA,NA,NA,NA,NA,NA,NA,NA,NA,NA,NA,NA,-0.012689283164990517
"REurope",540870,538726.272640824,-0.396347987349277,NA,NA,NA,NA,NA,NA,NA,NA,NA,NA,NA,NA,NA,NA,NA,NA
"REurope",540870,536221.2334564726,NA,-0.4649929494011329,NA,NA,NA,NA,NA,NA,NA,NA,NA,NA,NA,NA,NA,NA,NA
"REurope",540870,535495.9271848025,NA,NA,-0.13526250480512259,NA,NA,NA,NA,NA,NA,NA,NA,NA,NA,NA,NA,NA,NA
"REurope",540870,535481.934729548,NA,NA,NA,-0.002612990042327734,NA,NA,NA,NA,NA,NA,NA,NA,NA,NA,NA,NA,NA
"REurope",540870,535466.976693199,NA,NA,NA,NA,-0.0027933783343425667,NA,NA,NA,NA,NA,NA,NA,NA,NA,NA,NA,NA
"REurope",540870,535450.0092949758,NA,NA,NA,NA,NA,-0.0031687104829591917,NA,NA,NA,NA,NA,NA,NA,NA,NA,NA,NA
"REurope",540870,535430.3366810255,NA,NA,NA,NA,NA,NA,-0.0036740337302831882,NA,NA,NA,NA,NA,NA,NA,NA,NA,NA
"REurope",540870,535408.5850869231,NA,NA,NA,NA,NA,NA,NA,-0.0040624508198749965,NA,NA,NA,NA,NA,NA,NA,NA,NA
"REurope",540870,535385.1720030523,NA,NA,NA,NA,NA,NA,NA,NA,-0.0043729377008361325,NA,NA,NA,NA,NA,NA,NA,NA
"REurope",540870,535360.170311013,NA,NA,NA,NA,NA,NA,NA,NA,NA,-0.004669851416649884,NA,NA,NA,NA,NA,NA,NA
"REurope",540870,535333.6285985383,NA,NA,NA,NA,NA,NA,NA,NA,NA,NA,-0.004957730131327498,NA,NA,NA,NA,NA,NA
"REurope",540870,535303.2311998057,NA,NA,NA,NA,NA,NA,NA,NA,NA,NA,NA,-0.00567821580949035,NA,NA,NA,NA,NA
"REurope",540870,535267.4343376,NA,NA,NA,NA,NA,NA,NA,NA,NA,NA,NA,NA,-0.00668721205464573,NA,NA,NA,NA
"REurope",540870,535235.5400524222,NA,NA,NA,NA,NA,NA,NA,NA,NA,NA,NA,NA,NA,-0.005958570077646552,NA,NA,NA
"REurope",540870,535213.7497046061,NA,NA,NA,NA,NA,NA,NA,NA,NA,NA,NA,NA,NA,NA,-0.004071169828134824,NA,NA
"REurope",540870,535195.4383376343,NA,NA,NA,NA,NA,NA,NA,NA,NA,NA,NA,NA,NA,NA,NA,-0.0034213184885278913,NA
"REurope",540870,535176.189313828,NA,NA,NA,NA,NA,NA,NA,NA,NA,NA,NA,NA,NA,NA,NA,NA,-0.0035966345053539683
"RSouthAsia",963210,962506.28008869,-0.07305986350951699,NA,NA,NA,NA,NA,NA,NA,NA,NA,NA,NA,NA,NA,NA,NA,NA
"RSouthAsia",963210,961677.4661234189,NA,-0.0861099799987497,NA,NA,NA,NA,NA,NA,NA,NA,NA,NA,NA,NA,NA,NA,NA
"RSouthAsia",963210,961422.0730807793,NA,NA,-0.0265570372225854,NA,NA,NA,NA,NA,NA,NA,NA,NA,NA,NA,NA,NA,NA
"RSouthAsia",963210,961394.7390273984,NA,NA,NA,-0.002843085690062974,NA,NA,NA,NA,NA,NA,NA,NA,NA,NA,NA,NA,NA
"RSouthAsia",963210,961365.222674361,NA,NA,NA,NA,-0.003070159616980206,NA,NA,NA,NA,NA,NA,NA,NA,NA,NA,NA,NA
"RSouthAsia",963210,961333.1637230385,NA,NA,NA,NA,NA,-0.0033347317508813923,NA,NA,NA,NA,NA,NA,NA,NA,NA,NA,NA
"RSouthAsia",963210,961298.3219743454,NA,NA,NA,NA,NA,NA,-0.0036243156907422858,NA,NA,NA,NA,NA,NA,NA,NA,NA,NA
"RSouthAsia",963210,961261.4663115138,NA,NA,NA,NA,NA,NA,NA,-0.0038339464439984816,NA,NA,NA,NA,NA,NA,NA,NA,NA
"RSouthAsia",963210,961223.1093233655,NA,NA,NA,NA,NA,NA,NA,NA,-0.003990276266396808,NA,NA,NA,NA,NA,NA,NA,NA
"RSouthAsia",963210,961179.7303953255,NA,NA,NA,NA,NA,NA,NA,NA,NA,-0.004512888591556852,NA,NA,NA,NA,NA,NA,NA
"RSouthAsia",963210,961128.9824510105,NA,NA,NA,NA,NA,NA,NA,NA,NA,NA,-0.005279755982168233,NA,NA,NA,NA,NA,NA
"RSouthAsia",963210,961073.437285398,NA,NA,NA,NA,NA,NA,NA,NA,NA,NA,NA,-0.0057791583259581,NA,NA,NA,NA,NA
"RSouthAsia",963210,961014.809428473,NA,NA,NA,NA,NA,NA,NA,NA,NA,NA,NA,NA,-0.0061002473536908575,NA,NA,NA,NA
"RSouthAsia",963210,960951.400107083,NA,NA,NA,NA,NA,NA,NA,NA,NA,NA,NA,NA,NA,-0.006598162772086802,NA,NA,NA
"RSouthAsia",963210,960882.076805793,NA,NA,NA,NA,NA,NA,NA,NA,NA,NA,NA,NA,NA,NA,-0.007214027814761437,NA,NA
"RSouthAsia",963210,960806.1981828494,NA,NA,NA,NA,NA,NA,NA,NA,NA,NA,NA,NA,NA,NA,NA,-0.007896767436410546,NA
"RSouthAsia",963210,960723.3366770835,NA,NA,NA,NA,NA,NA,NA,NA,NA,NA,NA,NA,NA,NA,NA,NA,-0.008624164365578224
"SAfrica",1213090,1212842.25592,-0.020422563865840626,NA,NA,NA,NA,NA,NA,NA,NA,NA,NA,NA,NA,NA,NA,NA,NA
"SAfrica",1213090,1212551.53523605,NA,-0.023970197487011013,NA,NA,NA,NA,NA,NA,NA,NA,NA,NA,NA,NA,NA,NA,NA
"SAfrica",1213090,1212464.45807885,NA,NA,-0.007181315982818237,NA,NA,NA,NA,NA,NA,NA,NA,NA,NA,NA,NA,NA,NA
"SAfrica",1213090,1212458.74250455,NA,NA,NA,-4.7140138930146236e-4,NA,NA,NA,NA,NA,NA,NA,NA,NA,NA,NA,NA,NA
"SAfrica",1213090,1212452.86721725,NA,NA,NA,NA,-4.84576265902259e-4,NA,NA,NA,NA,NA,NA,NA,NA,NA,NA,NA,NA
"SAfrica",1213090,1212446.29271675,NA,NA,NA,NA,NA,-5.422479238403888e-4,NA,NA,NA,NA,NA,NA,NA,NA,NA,NA,NA
"SAfrica",1213090,1212438.65933625,NA,NA,NA,NA,NA,NA,-6.295850418891469e-4,NA,NA,NA,NA,NA,NA,NA,NA,NA,NA
"SAfrica",1213090,1212430.5596992,NA,NA,NA,NA,NA,NA,NA,-6.680450996499054e-4,NA,NA,NA,NA,NA,NA,NA,NA,NA
"SAfrica",1213090,1212422.3888879,NA,NA,NA,NA,NA,NA,NA,NA,-6.739199399752316e-4,NA,NA,NA,NA,NA,NA,NA,NA
"SAfrica",1213090,1212413.6224707,NA,NA,NA,NA,NA,NA,NA,NA,NA,-7.230497622190413e-4,NA,NA,NA,NA,NA,NA,NA
"SAfrica",1213090,1212403.9108265,NA,NA,NA,NA,NA,NA,NA,NA,NA,NA,-8.010174102235368e-4,NA,NA,NA,NA,NA,NA
"SAfrica",1213090,1212393.9711806,NA,NA,NA,NA,NA,NA,NA,NA,NA,NA,NA,-8.198295808115041e-4,NA,NA,NA,NA,NA
"SAfrica",1213090,1212384.2816832,NA,NA,NA,NA,NA,NA,NA,NA,NA,NA,NA,NA,-7.992036937132241e-4,NA,NA,NA,NA
"SAfrica",1213090,1212375.6078095,NA,NA,NA,NA,NA,NA,NA,NA,NA,NA,NA,NA,NA,-7.154393067421161e-4,NA,NA,NA
"SAfrica",1213090,1212368.4598763,NA,NA,NA,NA,NA,NA,NA,NA,NA,NA,NA,NA,NA,NA,-5.89580749887908e-4,NA,NA
"SAfrica",1213090,1212361.84468965,NA,NA,NA,NA,NA,NA,NA,NA,NA,NA,NA,NA,NA,NA,NA,-5.456415989812946e-4,NA
"SAfrica",1213090,1212355.10012025,NA,NA,NA,NA,NA,NA,NA,NA,NA,NA,NA,NA,NA,NA,NA,NA,-5.563165345057186e-4
"SSA",14208101.829,14198502.32970195,-0.0675635592536028,NA,NA,NA,NA,NA,NA,NA,NA,NA,NA,NA,NA,NA,NA,NA,NA
"SSA",14208101.829,14187202.619037433,NA,-0.07958382089976457,NA,NA,NA,NA,NA,NA,NA,NA,NA,NA,NA,NA,NA,NA,NA
"SSA",14208101.829,14183735.3330933,NA,NA,-0.02443953214201766,NA,NA,NA,NA,NA,NA,NA,NA,NA,NA,NA,NA,NA,NA
"SSA",14208101.829,14183390.18649028,NA,NA,NA,-0.0024333970912060465,NA,NA,NA,NA,NA,NA,NA,NA,NA,NA,NA,NA,NA
"SSA",14208101.829,14183026.988975517,NA,NA,NA,NA,-0.0025607242696401578,NA,NA,NA,NA,NA,NA,NA,NA,NA,NA,NA,NA
"SSA",14208101.829,14182608.350196779,NA,NA,NA,NA,NA,-0.0029516885151847916,NA,NA,NA,NA,NA,NA,NA,NA,NA,NA,NA
"SSA",14208101.829,14182109.343252577,NA,NA,NA,NA,NA,NA,-0.0035184426720458184,NA,NA,NA,NA,NA,NA,NA,NA,NA,NA
"SSA",14208101.829,14181602.055621818,NA,NA,NA,NA,NA,NA,NA,-0.003576954728534698,NA,NA,NA,NA,NA,NA,NA,NA,NA
"SSA",14208101.829,14181134.545623772,NA,NA,NA,NA,NA,NA,NA,NA,-0.0032965950970242908,NA,NA,NA,NA,NA,NA,NA,NA
"SSA",14208101.829,14180664.959271617,NA,NA,NA,NA,NA,NA,NA,NA,NA,-0.0033113454402711184,NA,NA,NA,NA,NA,NA,NA
"SSA",14208101.829,14180165.393907474,NA,NA,NA,NA,NA,NA,NA,NA,NA,NA,-0.0035228627541683544,NA,NA,NA,NA,NA,NA
"SSA",14208101.829,14179629.033224339,NA,NA,NA,NA,NA,NA,NA,NA,NA,NA,NA,-0.003782471277569144,NA,NA,NA,NA,NA
"SSA",14208101.829,14179051.333017541,NA,NA,NA,NA,NA,NA,NA,NA,NA,NA,NA,NA,-0.004074155998323725,NA,NA,NA,NA
"SSA",14208101.829,14178481.077327937,NA,NA,NA,NA,NA,NA,NA,NA,NA,NA,NA,NA,NA,-0.004021818358723728,NA,NA,NA
"SSA",14208101.829,14177950.788849425,NA,NA,NA,NA,NA,NA,NA,NA,NA,NA,NA,NA,NA,NA,-0.0037400937069387297,NA,NA
"SSA",14208101.829,14177400.01630477,NA,NA,NA,NA,NA,NA,NA,NA,NA,NA,NA,NA,NA,NA,NA,-0.003884711922452766,NA
"SSA",14208101.829,14176788.458842486,NA,NA,NA,NA,NA,NA,NA,NA,NA,NA,NA,NA,NA,NA,NA,NA,-0.004313608006978331
"USA",9147420,9139440.879,-0.08722810366200706,NA,NA,NA,NA,NA,NA,NA,NA,NA,NA,NA,NA,NA,NA,NA,NA
"USA",9147420,9130048.265085,NA,-0.10277011514546741,NA,NA,NA,NA,NA,NA,NA,NA,NA,NA,NA,NA,NA,NA,NA
"USA",9147420,9127165.519645,NA,NA,-0.031574262876843395,NA,NA,NA,NA,NA,NA,NA,NA,NA,NA,NA,NA,NA,NA
"USA",9147420,9126862.7092425,NA,NA,NA,-0.0033176828211134435,NA,NA,NA,NA,NA,NA,NA,NA,NA,NA,NA,NA,NA
"USA",9147420,9126519.8782525,NA,NA,NA,NA,-0.003756285165246176,NA,NA,NA,NA,NA,NA,NA,NA,NA,NA,NA,NA
"USA",9147420,9126142.828936,NA,NA,NA,NA,NA,-0.004131359176673399,NA,NA,NA,NA,NA,NA,NA,NA,NA,NA,NA
"USA",9147420,9125735.429467,NA,NA,NA,NA,NA,NA,-0.004464092625278138,NA,NA,NA,NA,NA,NA,NA,NA,NA,NA
"USA",9147420,9125309.514901,NA,NA,NA,NA,NA,NA,NA,-0.004667180736206422,NA,NA,NA,NA,NA,NA,NA,NA,NA
"USA",9147420,9124872.975275,NA,NA,NA,NA,NA,NA,NA,NA,-0.004783833636390344,NA,NA,NA,NA,NA,NA,NA,NA
"USA",9147420,9124406.7334525,NA,NA,NA,NA,NA,NA,NA,NA,NA,-0.005109570552519482,NA,NA,NA,NA,NA,NA,NA
"USA",9147420,9123898.0713425,NA,NA,NA,NA,NA,NA,NA,NA,NA,NA,-0.005574741732372601,NA,NA,NA,NA,NA,NA
"USA",9147420,9123356.87744,NA,NA,NA,NA,NA,NA,NA,NA,NA,NA,NA,-0.00593160837909501,NA,NA,NA,NA,NA
"USA",9147420,9122789.744075,NA,NA,NA,NA,NA,NA,NA,NA,NA,NA,NA,NA,-0.006216279518800327,NA,NA,NA,NA
"USA",9147420,9122141.529335,NA,NA,NA,NA,NA,NA,NA,NA,NA,NA,NA,NA,NA,-0.007105444257571314,NA,NA,NA
"USA",9147420,9121375.471945,NA,NA,NA,NA,NA,NA,NA,NA,NA,NA,NA,NA,NA,NA,-0.00839778014335435,NA,NA
"USA",9147420,9120540.97553,NA,NA,NA,NA,NA,NA,NA,NA,NA,NA,NA,NA,NA,NA,NA,-0.009148800173475191,NA
"USA",9147420,9119670.97584,NA,NA,NA,NA,NA,NA,NA,NA,NA,NA,NA,NA,NA,NA,NA,NA,-0.009538904461192654
"bel",30494,30493.916655194,-2.7331542599151604e-4,NA,NA,NA,NA,NA,NA,NA,NA,NA,NA,NA,NA,NA,NA,NA,NA
"bel",30494,30493.81783607885,NA,-3.2406173423593643e-4,NA,NA,NA,NA,NA,NA,NA,NA,NA,NA,NA,NA,NA,NA,NA
"bel",30494,30493.78583178845,NA,NA,-1.0495337309235353e-4,NA,NA,NA,NA,NA,NA,NA,NA,NA,NA,NA,NA,NA,NA
"bel",30494,30493.7811303212,NA,NA,NA,-1.541778799074578e-5,NA,NA,NA,NA,NA,NA,NA,NA,NA,NA,NA,NA,NA
"bel",30494,30493.7773903427,NA,NA,NA,NA,-1.2264725335331406e-5,NA,NA,NA,NA,NA,NA,NA,NA,NA,NA,NA,NA
"bel",30494,30493.77504157432,NA,NA,NA,NA,NA,-7.702451387814335e-6,NA,NA,NA,NA,NA,NA,NA,NA,NA,NA,NA
"bel",30494,30493.774370496976,NA,NA,NA,NA,NA,NA,-2.2007027422610292e-6,NA,NA,NA,NA,NA,NA,NA,NA,NA,NA
"bel",30494,30493.774370493808,NA,NA,NA,NA,NA,NA,NA,-1.0391687510491465e-11,NA,NA,NA,NA,NA,NA,NA,NA,NA
"bel",30494,30493.774370486917,NA,NA,NA,NA,NA,NA,NA,NA,-2.2593038551121936e-11,NA,NA,NA,NA,NA,NA,NA,NA
"bel",30494,30493.77437048077,NA,NA,NA,NA,NA,NA,NA,NA,NA,-2.0161650127192843e-11,NA,NA,NA,NA,NA,NA,NA
"bel",30494,30493.77437047835,NA,NA,NA,NA,NA,NA,NA,NA,NA,NA,-7.93809462606987e-12,NA,NA,NA,NA,NA,NA
"bel",30494,30493.77437047518,NA,NA,NA,NA,NA,NA,NA,NA,NA,NA,NA,-1.0391687510491465e-11,NA,NA,NA,NA,NA
"bel",30494,30493.77437046829,NA,NA,NA,NA,NA,NA,NA,NA,NA,NA,NA,NA,-2.2593038551121936e-11,NA,NA,NA,NA
"bel",30494,30493.774370462143,NA,NA,NA,NA,NA,NA,NA,NA,NA,NA,NA,NA,NA,-2.0161650127192843e-11,NA,NA,NA
"bel",30494,30493.774370459723,NA,NA,NA,NA,NA,NA,NA,NA,NA,NA,NA,NA,NA,NA,-7.93809462606987e-12,NA,NA
"bel",30494,30493.774370458792,NA,NA,NA,NA,NA,NA,NA,NA,NA,NA,NA,NA,NA,NA,NA,-3.0531133177191805e-12,NA
"bel",30494,30493.77437045786,NA,NA,NA,NA,NA,NA,NA,NA,NA,NA,NA,NA,NA,NA,NA,NA,-3.0531133177191805e-12
"bgr",108560,108556.4759048,-0.0032462188651494195,NA,NA,NA,NA,NA,NA,NA,NA,NA,NA,NA,NA,NA,NA,NA,NA
"bgr",108560,108552.35298989955,NA,-0.0037979446791069904,NA,NA,NA,NA,NA,NA,NA,NA,NA,NA,NA,NA,NA,NA,NA
"bgr",108560,108551.14770349835,NA,NA,-0.0011103272918533413,NA,NA,NA,NA,NA,NA,NA,NA,NA,NA,NA,NA,NA,NA
"bgr",108560,108551.1053037323,NA,NA,NA,-3.905971235340644e-5,NA,NA,NA,NA,NA,NA,NA,NA,NA,NA,NA,NA,NA
"bgr",108560,108551.055962692,NA,NA,NA,NA,-4.5454203490002953e-5,NA,NA,NA,NA,NA,NA,NA,NA,NA,NA,NA,NA
"bgr",108560,108551.00164735474,NA,NA,NA,NA,NA,-5.0036673315823066e-5,NA,NA,NA,NA,NA,NA,NA,NA,NA,NA,NA
"bgr",108560,108550.94366903875,NA,NA,NA,NA,NA,NA,-5.341112943035853e-5,NA,NA,NA,NA,NA,NA,NA,NA,NA,NA
"bgr",108560,108550.889377927,NA,NA,NA,NA,NA,NA,NA,-5.001440790408651e-5,NA,NA,NA,NA,NA,NA,NA,NA,NA
"bgr",108560,108550.8436741415,NA,NA,NA,NA,NA,NA,NA,NA,-4.2103556918693386e-5,NA,NA,NA,NA,NA,NA,NA,NA
"bgr",108560,108550.779335872,NA,NA,NA,NA,NA,NA,NA,NA,NA,-5.92701699386744e-5,NA,NA,NA,NA,NA,NA,NA
"bgr",108560,108550.678215245,NA,NA,NA,NA,NA,NA,NA,NA,NA,NA,-9.315513680441256e-5,NA,NA,NA,NA,NA,NA
"bgr",108560,108550.516516196,NA,NA,NA,NA,NA,NA,NA,NA,NA,NA,NA,-1.4896180443590978e-4,NA,NA,NA,NA,NA
"bgr",108560,108550.278374682,NA,NA,NA,NA,NA,NA,NA,NA,NA,NA,NA,NA,-2.1938312376734714e-4,NA,NA,NA,NA
"bgr",108560,108549.986965871,NA,NA,NA,NA,NA,NA,NA,NA,NA,NA,NA,NA,NA,-2.6845514849993535e-4,NA,NA,NA
"bgr",108560,108549.657739875,NA,NA,NA,NA,NA,NA,NA,NA,NA,NA,NA,NA,NA,NA,-3.0329436714326974e-4,NA,NA
"bgr",108560,108549.344375772,NA,NA,NA,NA,NA,NA,NA,NA,NA,NA,NA,NA,NA,NA,NA,-2.8868271860771344e-4,NA
"bgr",108560,108549.082659614,NA,NA,NA,NA,NA,NA,NA,NA,NA,NA,NA,NA,NA,NA,NA,NA,-2.4110339819083393e-4
"cyp",9240,9238.7114934,-0.01394487662337296,NA,NA,NA,NA,NA,NA,NA,NA,NA,NA,NA,NA,NA,NA,NA,NA
"cyp",9240,9237.20238606135,NA,-0.016334608345858204,NA,NA,NA,NA,NA,NA,NA,NA,NA,NA,NA,NA,NA,NA,NA
"cyp",9240,9236.75728482495,NA,NA,-0.004818571877052147,NA,NA,NA,NA,NA,NA,NA,NA,NA,NA,NA,NA,NA,NA
"cyp",9240,9236.737476918,NA,NA,NA,-2.144465458764344e-4,NA,NA,NA,NA,NA,NA,NA,NA,NA,NA,NA,NA,NA
"cyp",9240,9236.7171538253,NA,NA,NA,NA,-2.20024578490019e-4,NA,NA,NA,NA,NA,NA,NA,NA,NA,NA,NA,NA
"cyp",9240,9236.6965328244,NA,NA,NA,NA,NA,-2.2325032321690585e-4,NA,NA,NA,NA,NA,NA,NA,NA,NA,NA,NA
"cyp",9240,9236.675758767,NA,NA,NA,NA,NA,NA,-2.249078696725526e-4,NA,NA,NA,NA,NA,NA,NA,NA,NA,NA
"cyp",9240,9236.6568750905,NA,NA,NA,NA,NA,NA,NA,-2.044423447644661e-4,NA,NA,NA,NA,NA,NA,NA,NA,NA
"cyp",9240,9236.6412440865,NA,NA,NA,NA,NA,NA,NA,NA,-1.6922793832918614e-4,NA,NA,NA,NA,NA,NA,NA,NA
"cyp",9240,9236.6118766305,NA,NA,NA,NA,NA,NA,NA,NA,NA,-3.179451840140679e-4,NA,NA,NA,NA,NA,NA,NA
"cyp",9240,9236.5574466395,NA,NA,NA,NA,NA,NA,NA,NA,NA,NA,-5.892852458111442e-4,NA,NA,NA,NA,NA,NA
"cyp",9240,9236.497283169,NA,NA,NA,NA,NA,NA,NA,NA,NA,NA,NA,-6.51362489190177e-4,NA,NA,NA,NA,NA
"cyp",9240,9236.444272256,NA,NA,NA,NA,NA,NA,NA,NA,NA,NA,NA,NA,-5.739287456507647e-4,NA,NA,NA,NA
"cyp",9240,9236.4048957482,NA,NA,NA,NA,NA,NA,NA,NA,NA,NA,NA,NA,NA,-4.263167366125309e-4,NA,NA,NA
"cyp",9240,9236.3834748774,NA,NA,NA,NA,NA,NA,NA,NA,NA,NA,NA,NA,NA,NA,-2.3191784076503907e-4,NA,NA
"cyp",9240,9236.3139551012,NA,NA,NA,NA,NA,NA,NA,NA,NA,NA,NA,NA,NA,NA,NA,-7.526731256923824e-4,NA
"cyp",9240,9236.152300058,NA,NA,NA,NA,NA,NA,NA,NA,NA,NA,NA,NA,NA,NA,NA,NA,-0.0017502116535283996
"deu",349390,349224.63526,-0.0473295572283039,NA,NA,NA,NA,NA,NA,NA,NA,NA,NA,NA,NA,NA,NA,NA,NA
"deu",349390,349030.42240369,NA,-0.05561258763013832,NA,NA,NA,NA,NA,NA,NA,NA,NA,NA,NA,NA,NA,NA,NA
"deu",349390,348971.86795353,NA,NA,-0.016776317020383846,NA,NA,NA,NA,NA,NA,NA,NA,NA,NA,NA,NA,NA,NA
"deu",349390,348966.80308384,NA,NA,NA,-0.0014513690515194355,NA,NA,NA,NA,NA,NA,NA,NA,NA,NA,NA,NA,NA
"deu",349390,348960.4485775,NA,NA,NA,NA,-0.0018209486644105155,NA,NA,NA,NA,NA,NA,NA,NA,NA,NA,NA,NA
"deu",349390,348954.0301668,NA,NA,NA,NA,NA,-0.0018392946037781854,NA,NA,NA,NA,NA,NA,NA,NA,NA,NA,NA
"deu",349390,348948.3650066,NA,NA,NA,NA,NA,NA,-0.001623468912892445,NA,NA,NA,NA,NA,NA,NA,NA,NA,NA
"deu",349390,348943.7497519,NA,NA,NA,NA,NA,NA,NA,-0.0013226182331904646,NA,NA,NA,NA,NA,NA,NA,NA,NA
"deu",349390,348940.3821727,NA,NA,NA,NA,NA,NA,NA,NA,-9.650779537850873e-4,NA,NA,NA,NA,NA,NA,NA,NA
"deu",349390,348936.58464755,NA,NA,NA,NA,NA,NA,NA,NA,NA,-0.0010883019977092623,NA,NA,NA,NA,NA,NA,NA
"deu",349390,348931.23876215,NA,NA,NA,NA,NA,NA,NA,NA,NA,NA,-0.0015320507035454511,NA,NA,NA,NA,NA,NA
"deu",349390,348924.5319877,NA,NA,NA,NA,NA,NA,NA,NA,NA,NA,NA,-0.0019220905740136018,NA,NA,NA,NA,NA
"deu",349390,348916.589305,NA,NA,NA,NA,NA,NA,NA,NA,NA,NA,NA,NA,-0.002276332550987803,NA,NA,NA,NA
"deu",349390,348907.0917347,NA,NA,NA,NA,NA,NA,NA,NA,NA,NA,NA,NA,NA,-0.002722017407907895,NA,NA,NA
"deu",349390,348895.8266239,NA,NA,NA,NA,NA,NA,NA,NA,NA,NA,NA,NA,NA,NA,-0.0032286849613871738,NA,NA
"deu",349390,348883.10808325,NA,NA,NA,NA,NA,NA,NA,NA,NA,NA,NA,NA,NA,NA,NA,-0.0036453690985815967,NA
"deu",349390,348869.14551985,NA,NA,NA,NA,NA,NA,NA,NA,NA,NA,NA,NA,NA,NA,NA,NA,-0.004002074928965982
"dnk",40000,39425.56513,-1.4360871749999893,NA,NA,NA,NA,NA,NA,NA,NA,NA,NA,NA,NA,NA,NA,NA,NA
"dnk",40000,38749.22514345,NA,-1.7154858384905158,NA,NA,NA,NA,NA,NA,NA,NA,NA,NA,NA,NA,NA,NA,NA
"dnk",40000,38541.30426265,NA,NA,-0.5365807445962378,NA,NA,NA,NA,NA,NA,NA,NA,NA,NA,NA,NA,NA,NA
"dnk",40000,38522.0379712,NA,NA,NA,-0.04998868569342507,NA,NA,NA,NA,NA,NA,NA,NA,NA,NA,NA,NA,NA
"dnk",40000,38504.9165915,NA,NA,NA,NA,-0.04444567474026773,NA,NA,NA,NA,NA,NA,NA,NA,NA,NA,NA,NA
"dnk",40000,38489.1215833,NA,NA,NA,NA,NA,-0.041020756823251237,NA,NA,NA,NA,NA,NA,NA,NA,NA,NA,NA
"dnk",40000,38474.1072531,NA,NA,NA,NA,NA,NA,-0.03900928257742908,NA,NA,NA,NA,NA,NA,NA,NA,NA,NA
"dnk",40000,38459.4293579,NA,NA,NA,NA,NA,NA,NA,-0.038150060515884654,NA,NA,NA,NA,NA,NA,NA,NA,NA
"dnk",40000,38444.7917357,NA,NA,NA,NA,NA,NA,NA,NA,-0.03805990479938126,NA,NA,NA,NA,NA,NA,NA,NA
"dnk",40000,38430.58945305,NA,NA,NA,NA,NA,NA,NA,NA,NA,-0.036942019994889996,NA,NA,NA,NA,NA,NA,NA
"dnk",40000,38417.08588765,NA,NA,NA,NA,NA,NA,NA,NA,NA,NA,-0.0351375443160995,NA,NA,NA,NA,NA,NA
"dnk",40000,38404.00202825,NA,NA,NA,NA,NA,NA,NA,NA,NA,NA,NA,-0.0340573968527047,NA,NA,NA,NA,NA
"dnk",40000,38391.15186735,NA,NA,NA,NA,NA,NA,NA,NA,NA,NA,NA,NA,-0.03346047344373604,NA,NA,NA,NA
"dnk",40000,38378.49527485,NA,NA,NA,NA,NA,NA,NA,NA,NA,NA,NA,NA,NA,-0.03296747267114153,NA,NA,NA
"dnk",40000,38366.00549735,NA,NA,NA,NA,NA,NA,NA,NA,NA,NA,NA,NA,NA,NA,-0.032543687319042114,NA,NA
"dnk",40000,38352.2832972,NA,NA,NA,NA,NA,NA,NA,NA,NA,NA,NA,NA,NA,NA,NA,-0.03576655941142093,NA
"dnk",40000,38336.3958493,NA,NA,NA,NA,NA,NA,NA,NA,NA,NA,NA,NA,NA,NA,NA,NA,-0.04142503792247121
"esp",499733.244,499580.67507,-0.030530074160928233,NA,NA,NA,NA,NA,NA,NA,NA,NA,NA,NA,NA,NA,NA,NA,NA
"esp",499733.244,499400.0067445,NA,-0.036163994028526325,NA,NA,NA,NA,NA,NA,NA,NA,NA,NA,NA,NA,NA,NA,NA
"esp",499733.244,499342.02712650003,NA,NA,-0.011609855269711922,NA,NA,NA,NA,NA,NA,NA,NA,NA,NA,NA,NA,NA,NA
"esp",499733.244,499332.5463576,NA,NA,NA,-0.0018986523034225655,NA,NA,NA,NA,NA,NA,NA,NA,NA,NA,NA,NA,NA
"esp",499733.244,499322.1045322,NA,NA,NA,NA,-0.0020911565801529086,NA,NA,NA,NA,NA,NA,NA,NA,NA,NA,NA,NA
"esp",499733.244,499309.6309215,NA,NA,NA,NA,NA,-0.002498109053616915,NA,NA,NA,NA,NA,NA,NA,NA,NA,NA,NA
"esp",499733.244,499294.4117063,NA,NA,NA,NA,NA,NA,-0.0030480516011510694,NA,NA,NA,NA,NA,NA,NA,NA,NA,NA
"esp",499733.244,499277.65680535,NA,NA,NA,NA,NA,NA,NA,-0.0033557156974284297,NA,NA,NA,NA,NA,NA,NA,NA,NA
"esp",499733.244,499260.17283115,NA,NA,NA,NA,NA,NA,NA,NA,-0.0035018539206954635,NA,NA,NA,NA,NA,NA,NA,NA
"esp",499733.244,499241.5869692,NA,NA,NA,NA,NA,NA,NA,NA,NA,-0.003722680670603662,NA,NA,NA,NA,NA,NA,NA
"esp",499733.244,499221.6506765,NA,NA,NA,NA,NA,NA,NA,NA,NA,NA,-0.00399331570533068,NA,NA,NA,NA,NA,NA
"esp",499733.244,499200.466153,NA,NA,NA,NA,NA,NA,NA,NA,NA,NA,NA,-0.004243510567158992,NA,NA,NA,NA,NA
"esp",499733.244,499178.101532,NA,NA,NA,NA,NA,NA,NA,NA,NA,NA,NA,NA,-0.004480088164249274,NA,NA,NA,NA
"esp",499733.244,499155.284999,NA,NA,NA,NA,NA,NA,NA,NA,NA,NA,NA,NA,NA,-0.004570820100069373,NA,NA,NA
"esp",499733.244,499132.502011,NA,NA,NA,NA,NA,NA,NA,NA,NA,NA,NA,NA,NA,NA,-0.004564308680021778,NA,NA
"esp",499733.244,499108.50691745,NA,NA,NA,NA,NA,NA,NA,NA,NA,NA,NA,NA,NA,NA,NA,-0.004807359459324534,NA
"esp",499733.244,499082.46928465,NA,NA,NA,NA,NA,NA,NA,NA,NA,NA,NA,NA,NA,NA,NA,NA,-0.005216828092313719
"est",42750,42691.43853,-0.13698589473684075,NA,NA,NA,NA,NA,NA,NA,NA,NA,NA,NA,NA,NA,NA,NA,NA
"est",42750,42621.3346173,NA,-0.16421070620690204,NA,NA,NA,NA,NA,NA,NA,NA,NA,NA,NA,NA,NA,NA,NA
"est",42750,42597.0616001,NA,NA,-0.056950392140342476,NA,NA,NA,NA,NA,NA,NA,NA,NA,NA,NA,NA,NA,NA
"est",42750,42590.7696345,NA,NA,NA,-0.014770891145188259,NA,NA,NA,NA,NA,NA,NA,NA,NA,NA,NA,NA,NA
"est",42750,42583.8921579,NA,NA,NA,NA,-0.01614781009833255,NA,NA,NA,NA,NA,NA,NA,NA,NA,NA,NA,NA
"est",42750,42577.11153545,NA,NA,NA,NA,NA,-0.015922974877113916,NA,NA,NA,NA,NA,NA,NA,NA,NA,NA,NA
"est",42750,42570.88267725,NA,NA,NA,NA,NA,NA,-0.014629593167236887,NA,NA,NA,NA,NA,NA,NA,NA,NA,NA
"est",42750,42565.4957781,NA,NA,NA,NA,NA,NA,NA,-0.012653952211527653,NA,NA,NA,NA,NA,NA,NA,NA,NA
"est",42750,42561.1443012,NA,NA,NA,NA,NA,NA,NA,NA,-0.010223014722254842,NA,NA,NA,NA,NA,NA,NA,NA
"est",42750,42557.70410955,NA,NA,NA,NA,NA,NA,NA,NA,NA,-0.00808293974817742,NA,NA,NA,NA,NA,NA,NA
"est",42750,42555.09244515,NA,NA,NA,NA,NA,NA,NA,NA,NA,NA,-0.006136760557562404,NA,NA,NA,NA,NA,NA
"est",42750,42552.860982825,NA,NA,NA,NA,NA,NA,NA,NA,NA,NA,NA,-0.005243702214685619,NA,NA,NA,NA,NA
"est",42750,42550.710839125,NA,NA,NA,NA,NA,NA,NA,NA,NA,NA,NA,NA,-0.005052876940203621,NA,NA,NA,NA
"est",42750,42548.634064605,NA,NA,NA,NA,NA,NA,NA,NA,NA,NA,NA,NA,NA,-0.004880704644039113,NA,NA,NA
"est",42750,42546.625359635,NA,NA,NA,NA,NA,NA,NA,NA,NA,NA,NA,NA,NA,NA,-0.004720962292115161,NA,NA
"est",42750,42544.18521688,NA,NA,NA,NA,NA,NA,NA,NA,NA,NA,NA,NA,NA,NA,NA,-0.005735220441971389,NA
"est",42750,42540.98063145,NA,NA,NA,NA,NA,NA,NA,NA,NA,NA,NA,NA,NA,NA,NA,NA,-0.007532369967044872
"fin",303947.7,303436.1949,-0.1682872086217535,NA,NA,NA,NA,NA,NA,NA,NA,NA,NA,NA,NA,NA,NA,NA,NA
"fin",303947.7,302839.10204514,NA,-0.19677707040084425,NA,NA,NA,NA,NA,NA,NA,NA,NA,NA,NA,NA,NA,NA,NA
"fin",303947.7,302667.70193218003,NA,NA,-0.0565977483761082,NA,NA,NA,NA,NA,NA,NA,NA,NA,NA,NA,NA,NA,NA
"fin",303947.7,302666.04400884,NA,NA,NA,-5.477701550127279e-4,NA,NA,NA,NA,NA,NA,NA,NA,NA,NA,NA,NA,NA
"fin",303947.7,302663.4945736,NA,NA,NA,NA,-8.423261513623714e-4,NA,NA,NA,NA,NA,NA,NA,NA,NA,NA,NA,NA
"fin",303947.7,302660.0940232,NA,NA,NA,NA,NA,-0.0011235416431110146,NA,NA,NA,NA,NA,NA,NA,NA,NA,NA,NA
"fin",303947.7,302655.8692888,NA,NA,NA,NA,NA,NA,-0.0013958676691849803,NA,NA,NA,NA,NA,NA,NA,NA,NA,NA
"fin",303947.7,302651.97559735,NA,NA,NA,NA,NA,NA,NA,-0.0012865078279022946,NA,NA,NA,NA,NA,NA,NA,NA,NA
"fin",303947.7,302649.18310015,NA,NA,NA,NA,NA,NA,NA,NA,-9.22676019032842e-4,NA,NA,NA,NA,NA,NA,NA,NA
"fin",303947.7,302646.69297385,NA,NA,NA,NA,NA,NA,NA,NA,NA,-8.227764815016414e-4,NA,NA,NA,NA,NA,NA,NA
"fin",303947.7,302643.97266955,NA,NA,NA,NA,NA,NA,NA,NA,NA,NA,-8.988382702246334e-4,NA,NA,NA,NA,NA,NA
"fin",303947.7,302640.98827114,NA,NA,NA,NA,NA,NA,NA,NA,NA,NA,NA,-9.861086555429388e-4,NA,NA,NA,NA,NA
"fin",303947.7,302637.71716788004,NA,NA,NA,NA,NA,NA,NA,NA,NA,NA,NA,NA,-0.0010808526890837555,NA,NA,NA,NA
"fin",303947.7,302634.360032065,NA,NA,NA,NA,NA,NA,NA,NA,NA,NA,NA,NA,NA,-0.0011092919436572757,NA,NA,NA
"fin",303947.7,302631.050645225,NA,NA,NA,NA,NA,NA,NA,NA,NA,NA,NA,NA,NA,NA,-0.0010935264719069693,NA,NA
"fin",303947.7,302624.46717855,NA,NA,NA,NA,NA,NA,NA,NA,NA,NA,NA,NA,NA,NA,NA,-0.0021754101771520595,NA
"fin",303947.7,302612.3950795,NA,NA,NA,NA,NA,NA,NA,NA,NA,NA,NA,NA,NA,NA,NA,NA,-0.0039891351689469445
"fra",547557,547467.825216,-0.016285936258697564,NA,NA,NA,NA,NA,NA,NA,NA,NA,NA,NA,NA,NA,NA,NA,NA
"fra",547557,547363.30169821,NA,-0.019092175462320782,NA,NA,NA,NA,NA,NA,NA,NA,NA,NA,NA,NA,NA,NA,NA
"fra",547557,547332.28005077,NA,NA,-0.005667469365167044,NA,NA,NA,NA,NA,NA,NA,NA,NA,NA,NA,NA,NA,NA
"fra",547557,547330.642087215,NA,NA,NA,-2.9926310117778243e-4,NA,NA,NA,NA,NA,NA,NA,NA,NA,NA,NA,NA,NA
"fra",547557,547328.975683235,NA,NA,NA,NA,-3.044602022717058e-4,NA,NA,NA,NA,NA,NA,NA,NA,NA,NA,NA,NA
"fra",547557,547326.90257888,NA,NA,NA,NA,NA,-3.7876751407539544e-4,NA,NA,NA,NA,NA,NA,NA,NA,NA,NA,NA
"fra",547557,547324.17060085,NA,NA,NA,NA,NA,NA,-4.991492318473512e-4,NA,NA,NA,NA,NA,NA,NA,NA,NA,NA
"fra",547557,547321.092113,NA,NA,NA,NA,NA,NA,NA,-5.624615201371697e-4,NA,NA,NA,NA,NA,NA,NA,NA,NA
"fra",547557,547317.8753579,NA,NA,NA,NA,NA,NA,NA,NA,-5.877272311050064e-4,NA,NA,NA,NA,NA,NA,NA,NA
"fra",547557,547314.55395016,NA,NA,NA,NA,NA,NA,NA,NA,NA,-6.068516833712678e-4,NA,NA,NA,NA,NA,NA,NA
"fra",547557,547311.15029952,NA,NA,NA,NA,NA,NA,NA,NA,NA,NA,-6.218819900705164e-4,NA,NA,NA,NA,NA,NA
"fra",547557,547307.96681771,NA,NA,NA,NA,NA,NA,NA,NA,NA,NA,NA,-5.81658496867643e-4,NA,NA,NA,NA,NA
"fra",547557,547305.20511255,NA,NA,NA,NA,NA,NA,NA,NA,NA,NA,NA,NA,-5.045980193019162e-4,NA,NA,NA,NA
"fra",547557,547302.50838345,NA,NA,NA,NA,NA,NA,NA,NA,NA,NA,NA,NA,NA,-4.927285680356164e-4,NA,NA,NA
"fra",547557,547299.63876335,NA,NA,NA,NA,NA,NA,NA,NA,NA,NA,NA,NA,NA,NA,-5.243206555927138e-4,NA,NA
"fra",547557,547296.61069995,NA,NA,NA,NA,NA,NA,NA,NA,NA,NA,NA,NA,NA,NA,NA,-5.532734146829199e-4,NA
"fra",547557,547293.43382505,NA,NA,NA,NA,NA,NA,NA,NA,NA,NA,NA,NA,NA,NA,NA,NA,-5.804667593256596e-4
"gbr",241930,241441.50826,-0.20191449592856792,NA,NA,NA,NA,NA,NA,NA,NA,NA,NA,NA,NA,NA,NA,NA,NA
"gbr",241930,240869.42501905,NA,-0.23694485884918626,NA,NA,NA,NA,NA,NA,NA,NA,NA,NA,NA,NA,NA,NA,NA
"gbr",241930,240700.79120985,NA,NA,-0.07001046695181978,NA,NA,NA,NA,NA,NA,NA,NA,NA,NA,NA,NA,NA,NA
"gbr",241930,240693.66967914999,NA,NA,NA,-0.0029586652641300226,NA,NA,NA,NA,NA,NA,NA,NA,NA,NA,NA,NA,NA
"gbr",241930,240686.76899145,NA,NA,NA,NA,-0.0028670000790542716,NA,NA,NA,NA,NA,NA,NA,NA,NA,NA,NA,NA
"gbr",241930,240678.96322605,NA,NA,NA,NA,NA,-0.003243121935081472,NA,NA,NA,NA,NA,NA,NA,NA,NA,NA,NA
"gbr",241930,240669.50176915,NA,NA,NA,NA,NA,NA,-0.003931152425273865,NA,NA,NA,NA,NA,NA,NA,NA,NA,NA
"gbr",241930,240659.4141861,NA,NA,NA,NA,NA,NA,NA,-0.004191467126424264,NA,NA,NA,NA,NA,NA,NA,NA,NA
"gbr",241930,240649.3868538,NA,NA,NA,NA,NA,NA,NA,NA,-0.004166607125644095,NA,NA,NA,NA,NA,NA,NA,NA
"gbr",241930,240639.58243825,NA,NA,NA,NA,NA,NA,NA,NA,NA,-0.004074149399746485,NA,NA,NA,NA,NA,NA,NA
"gbr",241930,240630.10938345,NA,NA,NA,NA,NA,NA,NA,NA,NA,NA,-0.003936615374755537,NA,NA,NA,NA,NA,NA
"gbr",241930,240620.65766595,NA,NA,NA,NA,NA,NA,NA,NA,NA,NA,NA,-0.003927903089184781,NA,NA,NA,NA,NA
"gbr",241930,240611.02060345,NA,NA,NA,NA,NA,NA,NA,NA,NA,NA,NA,NA,-0.004005085263047992,NA,NA,NA,NA
"gbr",241930,240601.3179933,NA,NA,NA,NA,NA,NA,NA,NA,NA,NA,NA,NA,NA,-0.004032487841021393,NA,NA,NA
"gbr",241930,240591.6297004,NA,NA,NA,NA,NA,NA,NA,NA,NA,NA,NA,NA,NA,NA,-0.004026699845538495,NA,NA
"gbr",241930,240580.50865825,NA,NA,NA,NA,NA,NA,NA,NA,NA,NA,NA,NA,NA,NA,NA,-0.00462237284141187,NA
"gbr",241930,240566.99015585,NA,NA,NA,NA,NA,NA,NA,NA,NA,NA,NA,NA,NA,NA,NA,NA,-0.005619117889221759
"grc",128900,128849.441417,-0.039223105508146006,NA,NA,NA,NA,NA,NA,NA,NA,NA,NA,NA,NA,NA,NA,NA,NA
"grc",128900,128790.09402942,NA,-0.046059483787697086,NA,NA,NA,NA,NA,NA,NA,NA,NA,NA,NA,NA,NA,NA,NA
"grc",128900,128772.27483754,NA,NA,-0.013835840414810896,NA,NA,NA,NA,NA,NA,NA,NA,NA,NA,NA,NA,NA,NA
"grc",128900,128770.952888075,NA,NA,NA,-0.0010265792591335199,NA,NA,NA,NA,NA,NA,NA,NA,NA,NA,NA,NA,NA
"grc",128900,128769.440878835,NA,NA,NA,NA,-0.0011741850208357718,NA,NA,NA,NA,NA,NA,NA,NA,NA,NA,NA,NA
"grc",128900,128767.24340248,NA,NA,NA,NA,NA,-0.0017065200718424656,NA,NA,NA,NA,NA,NA,NA,NA,NA,NA,NA
"grc",128900,128764.03018745,NA,NA,NA,NA,NA,NA,-0.0024953667913552025,NA,NA,NA,NA,NA,NA,NA,NA,NA,NA
"grc",128900,128760.6791969,NA,NA,NA,NA,NA,NA,NA,-0.002602427514208916,NA,NA,NA,NA,NA,NA,NA,NA,NA
"grc",128900,128757.7757396,NA,NA,NA,NA,NA,NA,NA,NA,-0.002254925430744681,NA,NA,NA,NA,NA,NA,NA,NA
"grc",128900,128755.36483217,NA,NA,NA,NA,NA,NA,NA,NA,NA,-0.001872436376093578,NA,NA,NA,NA,NA,NA,NA
"grc",128900,128753.47648569,NA,NA,NA,NA,NA,NA,NA,NA,NA,NA,-0.0014666157658438372,NA,NA,NA,NA,NA,NA
"grc",128900,128751.48063431,NA,NA,NA,NA,NA,NA,NA,NA,NA,NA,NA,-0.0015501339726720076,NA,NA,NA,NA,NA
"grc",128900,128748.95723413,NA,NA,NA,NA,NA,NA,NA,NA,NA,NA,NA,NA,-0.0019598999309256016,NA,NA,NA,NA
"grc",128900,128746.21332309,NA,NA,NA,NA,NA,NA,NA,NA,NA,NA,NA,NA,NA,-0.002131210301759001,NA,NA,NA
"grc",128900,128743.45359315,NA,NA,NA,NA,NA,NA,NA,NA,NA,NA,NA,NA,NA,NA,-0.0021435426089677634,NA,NA
"grc",128900,128740.613632825,NA,NA,NA,NA,NA,NA,NA,NA,NA,NA,NA,NA,NA,NA,NA,-0.002205906588437223,NA
"grc",128900,128737.650501125,NA,NA,NA,NA,NA,NA,NA,NA,NA,NA,NA,NA,NA,NA,NA,NA,-0.0023016293121402853
"hrv",55960,55935.723493,-0.04338189242316659,NA,NA,NA,NA,NA,NA,NA,NA,NA,NA,NA,NA,NA,NA,NA,NA
"hrv",55960,55907.201416095,NA,-0.05099080716917115,NA,NA,NA,NA,NA,NA,NA,NA,NA,NA,NA,NA,NA,NA,NA
"hrv",55960,55898.577286015,NA,NA,-0.015425794641032997,NA,NA,NA,NA,NA,NA,NA,NA,NA,NA,NA,NA,NA,NA
"hrv",55960,55897.990829035,NA,NA,NA,-0.0010491447340443827,NA,NA,NA,NA,NA,NA,NA,NA,NA,NA,NA,NA,NA
"hrv",55960,55897.535196005,NA,NA,NA,NA,-8.15115218344431e-4,NA,NA,NA,NA,NA,NA,NA,NA,NA,NA,NA,NA
"hrv",55960,55897.100612896,NA,NA,NA,NA,NA,-7.774638138835499e-4,NA,NA,NA,NA,NA,NA,NA,NA,NA,NA,NA
"hrv",55960,55896.613897022,NA,NA,NA,NA,NA,NA,-8.70735456159899e-4,NA,NA,NA,NA,NA,NA,NA,NA,NA,NA
"hrv",55960,55896.024718736,NA,NA,NA,NA,NA,NA,NA,-0.001054050048687749,NA,NA,NA,NA,NA,NA,NA,NA,NA
"hrv",55960,55895.29952494,NA,NA,NA,NA,NA,NA,NA,NA,-0.0012973978018138155,NA,NA,NA,NA,NA,NA,NA,NA
"hrv",55960,55894.412756135,NA,NA,NA,NA,NA,NA,NA,NA,NA,-0.0015864818912025846,NA,NA,NA,NA,NA,NA,NA
"hrv",55960,55893.347372655,NA,NA,NA,NA,NA,NA,NA,NA,NA,NA,-0.001906064358614401,NA,NA,NA,NA,NA,NA
"hrv",55960,55892.07762226,NA,NA,NA,NA,NA,NA,NA,NA,NA,NA,NA,-0.0022717379700498697,NA,NA,NA,NA,NA
"hrv",55960,55890.58633679,NA,NA,NA,NA,NA,NA,NA,NA,NA,NA,NA,NA,-0.002668151790818918,NA,NA,NA,NA
"hrv",55960,55889.0094816,NA,NA,NA,NA,NA,NA,NA,NA,NA,NA,NA,NA,NA,-0.0028213251879294354,NA,NA,NA
"hrv",55960,55887.43770026,NA,NA,NA,NA,NA,NA,NA,NA,NA,NA,NA,NA,NA,NA,-0.002812326349266314,NA,NA
"hrv",55960,55885.99022711,NA,NA,NA,NA,NA,NA,NA,NA,NA,NA,NA,NA,NA,NA,NA,-0.0025899794471984094,NA
"hrv",55960,55884.74655171,NA,NA,NA,NA,NA,NA,NA,NA,NA,NA,NA,NA,NA,NA,NA,NA,-0.0022253795538884624
"irl",68890,68696.43982,-0.28096992306575475,NA,NA,NA,NA,NA,NA,NA,NA,NA,NA,NA,NA,NA,NA,NA,NA
"irl",68890,68470.01642889,NA,-0.32959989149842217,NA,NA,NA,NA,NA,NA,NA,NA,NA,NA,NA,NA,NA,NA,NA
"irl",68890,68403.88788593,NA,NA,-0.0965802936949367,NA,NA,NA,NA,NA,NA,NA,NA,NA,NA,NA,NA,NA,NA
"irl",68890,68401.884948295,NA,NA,NA,-0.0029281049614304777,NA,NA,NA,NA,NA,NA,NA,NA,NA,NA,NA,NA,NA
"irl",68890,68399.894787435,NA,NA,NA,NA,-0.002909511721072011,NA,NA,NA,NA,NA,NA,NA,NA,NA,NA,NA,NA
"irl",68890,68397.71762108,NA,NA,NA,NA,NA,-0.003182996643147362,NA,NA,NA,NA,NA,NA,NA,NA,NA,NA,NA
"irl",68890,68395.22026105,NA,NA,NA,NA,NA,NA,-0.0036512329897209206,NA,NA,NA,NA,NA,NA,NA,NA,NA,NA
"irl",68890,68392.49032845,NA,NA,NA,NA,NA,NA,NA,-0.003991408448678069,NA,NA,NA,NA,NA,NA,NA,NA,NA
"irl",68890,68389.58623735,NA,NA,NA,NA,NA,NA,NA,NA,-0.00424621341620357,NA,NA,NA,NA,NA,NA,NA,NA
"irl",68890,68386.53564535,NA,NA,NA,NA,NA,NA,NA,NA,NA,-0.004460608943313016,NA,NA,NA,NA,NA,NA,NA
"irl",68890,68383.35699085,NA,NA,NA,NA,NA,NA,NA,NA,NA,NA,-0.004648070661861237,NA,NA,NA,NA,NA,NA
"irl",68890,68379.97248325,NA,NA,NA,NA,NA,NA,NA,NA,NA,NA,NA,-0.004949314787883186,NA,NA,NA,NA,NA
"irl",68890,68376.33026215,NA,NA,NA,NA,NA,NA,NA,NA,NA,NA,NA,NA,-0.005326444231745775,NA,NA,NA,NA
"irl",68890,68372.30746264,NA,NA,NA,NA,NA,NA,NA,NA,NA,NA,NA,NA,NA,-0.005883321749755588,NA,NA,NA
"irl",68890,68367.82217478,NA,NA,NA,NA,NA,NA,NA,NA,NA,NA,NA,NA,NA,NA,-0.006560094322483057,NA,NA
"irl",68890,68362.75387639,NA,NA,NA,NA,NA,NA,NA,NA,NA,NA,NA,NA,NA,NA,NA,-0.0074132804421478404,NA
"irl",68890,68357.02221935,NA,NA,NA,NA,NA,NA,NA,NA,NA,NA,NA,NA,NA,NA,NA,NA,-0.008384181026943605
"ita",295717,295635.47959,-0.027567035375031246,NA,NA,NA,NA,NA,NA,NA,NA,NA,NA,NA,NA,NA,NA,NA,NA
"ita",295717,295539.8158385,NA,-0.032358684293476436,NA,NA,NA,NA,NA,NA,NA,NA,NA,NA,NA,NA,NA,NA,NA
"ita",295717,295511.1580845,NA,NA,-0.009696748953669232,NA,NA,NA,NA,NA,NA,NA,NA,NA,NA,NA,NA,NA,NA
"ita",295717,295509.2815963,NA,NA,NA,-6.349974099650879e-4,NA,NA,NA,NA,NA,NA,NA,NA,NA,NA,NA,NA,NA
"ita",295717,295507.3698861,NA,NA,NA,NA,-6.469205263814892e-4,NA,NA,NA,NA,NA,NA,NA,NA,NA,NA,NA,NA
"ita",295717,295505.0215539,NA,NA,NA,NA,NA,-7.946780484435756e-4,NA,NA,NA,NA,NA,NA,NA,NA,NA,NA,NA
"ita",295717,295501.9689997,NA,NA,NA,NA,NA,NA,-0.0010329957115251531,NA,NA,NA,NA,NA,NA,NA,NA,NA,NA
"ita",295717,295498.46105649,NA,NA,NA,NA,NA,NA,NA,-0.0011871133115737287,NA,NA,NA,NA,NA,NA,NA,NA,NA
"ita",295717,295494.66361293,NA,NA,NA,NA,NA,NA,NA,NA,-0.001285097575953742,NA,NA,NA,NA,NA,NA,NA,NA
"ita",295717,295490.583408865,NA,NA,NA,NA,NA,NA,NA,NA,NA,-0.0013808046531615936,NA,NA,NA,NA,NA,NA,NA
"ita",295717,295486.224937525,NA,NA,NA,NA,NA,NA,NA,NA,NA,NA,-0.0014749950031256454,NA,NA,NA,NA,NA,NA
"ita",295717,295482.49186182,NA,NA,NA,NA,NA,NA,NA,NA,NA,NA,NA,-0.0012633670844697242,NA,NA,NA,NA,NA
"ita",295717,295479.98662369,NA,NA,NA,NA,NA,NA,NA,NA,NA,NA,NA,NA,-8.478465557182346e-4,NA,NA,NA,NA
"ita",295717,295477.99028044,NA,NA,NA,NA,NA,NA,NA,NA,NA,NA,NA,NA,NA,-6.756272303842792e-4,NA,NA,NA
"ita",295717,295476.02353694,NA,NA,NA,NA,NA,NA,NA,NA,NA,NA,NA,NA,NA,NA,-6.656142131467035e-4,NA,NA
"ita",295717,295473.44560447,NA,NA,NA,NA,NA,NA,NA,NA,NA,NA,NA,NA,NA,NA,NA,-8.724675657822978e-4,NA
"ita",295717,295469.82929055,NA,NA,NA,NA,NA,NA,NA,NA,NA,NA,NA,NA,NA,NA,NA,NA,-0.0012239048800322117
"ltu",62610,62606.9778669,-0.004826917585054602,NA,NA,NA,NA,NA,NA,NA,NA,NA,NA,NA,NA,NA,NA,NA,NA
"ltu",62610,62603.415149882,NA,-0.005690606924957375,NA,NA,NA,NA,NA,NA,NA,NA,NA,NA,NA,NA,NA,NA,NA
"ltu",62610,62602.309385334,NA,NA,-0.0017663006807944193,NA,NA,NA,NA,NA,NA,NA,NA,NA,NA,NA,NA,NA,NA
"ltu",62610,62602.173574638,NA,NA,NA,-2.1694199038302386e-4,NA,NA,NA,NA,NA,NA,NA,NA,NA,NA,NA,NA,NA
"ltu",62610,62602.016385382,NA,NA,NA,NA,-2.5109232959508176e-4,NA,NA,NA,NA,NA,NA,NA,NA,NA,NA,NA,NA
"ltu",62610,62601.826604862,NA,NA,NA,NA,NA,-3.0315400518787783e-4,NA,NA,NA,NA,NA,NA,NA,NA,NA,NA,NA
"ltu",62610,62601.596757942,NA,NA,NA,NA,NA,NA,-3.671568905572187e-4,NA,NA,NA,NA,NA,NA,NA,NA,NA,NA
"ltu",62610,62601.234546481,NA,NA,NA,NA,NA,NA,NA,-5.785977990391267e-4,NA,NA,NA,NA,NA,NA,NA,NA,NA
"ltu",62610,62600.678438385,NA,NA,NA,NA,NA,NA,NA,NA,-8.883340720466926e-4,NA,NA,NA,NA,NA,NA,NA,NA
"ltu",62610,62600.05065225,NA,NA,NA,NA,NA,NA,NA,NA,NA,-0.0010028423823249533,NA,NA,NA,NA,NA,NA,NA
"ltu",62610,62599.43266714,NA,NA,NA,NA,NA,NA,NA,NA,NA,NA,-9.871958625673471e-4,NA,NA,NA,NA,NA,NA
"ltu",62610,62598.9947799405,NA,NA,NA,NA,NA,NA,NA,NA,NA,NA,NA,-6.995066581971798e-4,NA,NA,NA,NA,NA
"ltu",62610,62598.8505219085,NA,NA,NA,NA,NA,NA,NA,NA,NA,NA,NA,NA,-2.3044784106529548e-4,NA,NA,NA,NA
"ltu",62610,62598.730211848,NA,NA,NA,NA,NA,NA,NA,NA,NA,NA,NA,NA,NA,-1.9219212412657782e-4,NA,NA,NA
"ltu",62610,62598.454062295,NA,NA,NA,NA,NA,NA,NA,NA,NA,NA,NA,NA,NA,NA,-4.4114241944948063e-4,NA,NA
"ltu",62610,62597.994941695,NA,NA,NA,NA,NA,NA,NA,NA,NA,NA,NA,NA,NA,NA,NA,-7.334376014300759e-4,NA
"ltu",62610,62597.334762345,NA,NA,NA,NA,NA,NA,NA,NA,NA,NA,NA,NA,NA,NA,NA,NA,-0.001054633380204173
"lva",62230,62194.734625,-0.05666941185923369,NA,NA,NA,NA,NA,NA,NA,NA,NA,NA,NA,NA,NA,NA,NA,NA
"lva",62230,62153.28722086,NA,-0.06664133931899574,NA,NA,NA,NA,NA,NA,NA,NA,NA,NA,NA,NA,NA,NA,NA
"lva",62230,62140.72018482,NA,NA,-0.020219422981360147,NA,NA,NA,NA,NA,NA,NA,NA,NA,NA,NA,NA,NA,NA
"lva",62230,62139.4483807,NA,NA,NA,-0.0020466517224426717,NA,NA,NA,NA,NA,NA,NA,NA,NA,NA,NA,NA,NA
"lva",62230,62137.74838438,NA,NA,NA,NA,-0.0027357763293656134,NA,NA,NA,NA,NA,NA,NA,NA,NA,NA,NA,NA
"lva",62230,62135.79620529,NA,NA,NA,NA,NA,-0.0031416958946262064,NA,NA,NA,NA,NA,NA,NA,NA,NA,NA,NA
"lva",62230,62133.70918305,NA,NA,NA,NA,NA,NA,-0.003358808235276456,NA,NA,NA,NA,NA,NA,NA,NA,NA,NA
"lva",62230,62132.040219895,NA,NA,NA,NA,NA,NA,NA,-0.0026860832500474885,NA,NA,NA,NA,NA,NA,NA,NA,NA
"lva",62230,62131.157917315,NA,NA,NA,NA,NA,NA,NA,NA,-0.001420044435818113,NA,NA,NA,NA,NA,NA,NA,NA
"lva",62230,62130.51386343,NA,NA,NA,NA,NA,NA,NA,NA,NA,-0.0010366037051179333,NA,NA,NA,NA,NA,NA,NA
"lva",62230,62129.74245032,NA,NA,NA,NA,NA,NA,NA,NA,NA,NA,-0.0012416010459759264,NA,NA,NA,NA,NA,NA
"lva",62230,62128.7707399,NA,NA,NA,NA,NA,NA,NA,NA,NA,NA,NA,-0.001564002008824783,NA,NA,NA,NA,NA
"lva",62230,62127.55010678,NA,NA,NA,NA,NA,NA,NA,NA,NA,NA,NA,NA,-0.001964682554411734,NA,NA,NA,NA
"lva",62230,62126.320316525,NA,NA,NA,NA,NA,NA,NA,NA,NA,NA,NA,NA,NA,-0.0019794604050660247,NA,NA,NA
"lva",62230,62125.241212845,NA,NA,NA,NA,NA,NA,NA,NA,NA,NA,NA,NA,NA,NA,-0.001736950900199652,NA,NA
"lva",62230,62123.84320022,NA,NA,NA,NA,NA,NA,NA,NA,NA,NA,NA,NA,NA,NA,NA,-0.0022503133955020793,NA
"lva",62230,62121.81321497,NA,NA,NA,NA,NA,NA,NA,NA,NA,NA,NA,NA,NA,NA,NA,NA,-0.0032676427365485594
"mlt",320,319.862363282,-0.04301147437499875,NA,NA,NA,NA,NA,NA,NA,NA,NA,NA,NA,NA,NA,NA,NA,NA
"mlt",320,319.7017871107206,NA,-0.05020164599290888,NA,NA,NA,NA,NA,NA,NA,NA,NA,NA,NA,NA,NA,NA,NA
"mlt",320,319.65590820397557,NA,NA,-0.014350531837703517,NA,NA,NA,NA,NA,NA,NA,NA,NA,NA,NA,NA,NA,NA
"mlt",320,319.655908201298,NA,NA,NA,-8.376410676191881e-10,NA,NA,NA,NA,NA,NA,NA,NA,NA,NA,NA,NA,NA
"mlt",320,319.6559081957101,NA,NA,NA,NA,-1.7481127656537865e-9,NA,NA,NA,NA,NA,NA,NA,NA,NA,NA,NA,NA
"mlt",320,319.6559081892374,NA,NA,NA,NA,NA,-2.0249024679230843e-9,NA,NA,NA,NA,NA,NA,NA,NA,NA,NA,NA
"mlt",320,319.65590818323034,NA,NA,NA,NA,NA,NA,-1.8792190026317712e-9,NA,NA,NA,NA,NA,NA,NA,NA,NA,NA
"mlt",320,319.6559081777588,NA,NA,NA,NA,NA,NA,NA,-1.711686348215835e-9,NA,NA,NA,NA,NA,NA,NA,NA,NA
"mlt",320,319.6559081728694,NA,NA,NA,NA,NA,NA,NA,NA,-1.5295986699470632e-9,NA,NA,NA,NA,NA,NA,NA,NA
"mlt",320,319.65540227281474,NA,NA,NA,NA,NA,NA,NA,NA,NA,-1.582639462260893e-4,NA,NA,NA,NA,NA,NA,NA
"mlt",320,319.6540532137634,NA,NA,NA,NA,NA,NA,NA,NA,NA,NA,-4.2203542994778687e-4,NA,NA,NA,NA,NA,NA
"mlt",320,319.65132808610844,NA,NA,NA,NA,NA,NA,NA,NA,NA,NA,NA,-8.525240420276248e-4,NA,NA,NA,NA,NA
"mlt",320,319.6468716167784,NA,NA,NA,NA,NA,NA,NA,NA,NA,NA,NA,NA,-0.001394165748258569,NA,NA,NA,NA
"mlt",320,319.6432304692949,NA,NA,NA,NA,NA,NA,NA,NA,NA,NA,NA,NA,NA,-0.0011391156325424312,NA,NA,NA
"mlt",320,319.6421024193389,NA,NA,NA,NA,NA,NA,NA,NA,NA,NA,NA,NA,NA,NA,-3.5290907125506976e-4,NA,NA
"mlt",320,319.64156536300743,NA,NA,NA,NA,NA,NA,NA,NA,NA,NA,NA,NA,NA,NA,NA,-1.680180199747916e-4,NA
"mlt",320,319.64033789769843,NA,NA,NA,NA,NA,NA,NA,NA,NA,NA,NA,NA,NA,NA,NA,NA,-3.840130452403834e-4
"nld",33670,33647.52667,-0.06674585684586232,NA,NA,NA,NA,NA,NA,NA,NA,NA,NA,NA,NA,NA,NA,NA,NA
"nld",33670,33621.2679458025,NA,-0.07804057770733897,NA,NA,NA,NA,NA,NA,NA,NA,NA,NA,NA,NA,NA,NA,NA
"nld",33670,33613.6705979425,NA,NA,-0.02259685111295484,NA,NA,NA,NA,NA,NA,NA,NA,NA,NA,NA,NA,NA,NA
"nld",33670,33613.540244926,NA,NA,NA,-3.8779762573382115e-4,NA,NA,NA,NA,NA,NA,NA,NA,NA,NA,NA,NA,NA
"nld",33670,33613.413965757,NA,NA,NA,NA,-3.756794675124908e-4,NA,NA,NA,NA,NA,NA,NA,NA,NA,NA,NA,NA
"nld",33670,33613.295419591,NA,NA,NA,NA,NA,-3.5267517343173793e-4,NA,NA,NA,NA,NA,NA,NA,NA,NA,NA,NA
"nld",33670,33613.187045865,NA,NA,NA,NA,NA,NA,-3.224132732126961e-4,NA,NA,NA,NA,NA,NA,NA,NA,NA,NA
"nld",33670,33613.089761988,NA,NA,NA,NA,NA,NA,NA,-2.894217584037406e-4,NA,NA,NA,NA,NA,NA,NA,NA,NA
"nld",33670,33613.004179566,NA,NA,NA,NA,NA,NA,NA,NA,-2.546103991196702e-4,NA,NA,NA,NA,NA,NA,NA,NA
"nld",33670,33612.914139153,NA,NA,NA,NA,NA,NA,NA,NA,NA,-2.678737446970558e-4,NA,NA,NA,NA,NA,NA,NA
"nld",33670,33612.808867785,NA,NA,NA,NA,NA,NA,NA,NA,NA,NA,-3.1318726951834464e-4,NA,NA,NA,NA,NA,NA
"nld",33670,33612.6967842405,NA,NA,NA,NA,NA,NA,NA,NA,NA,NA,NA,-3.334548592581754e-4,NA,NA,NA,NA,NA
"nld",33670,33612.5835010385,NA,NA,NA,NA,NA,NA,NA,NA,NA,NA,NA,NA,-3.370250317269452e-4,NA,NA,NA,NA
"nld",33670,33612.451857876,NA,NA,NA,NA,NA,NA,NA,NA,NA,NA,NA,NA,NA,-3.9164845061501197e-4,NA,NA,NA
"nld",33670,33612.290414551,NA,NA,NA,NA,NA,NA,NA,NA,NA,NA,NA,NA,NA,NA,-4.8030808846855066e-4,NA,NA
"nld",33670,33612.126949187,NA,NA,NA,NA,NA,NA,NA,NA,NA,NA,NA,NA,NA,NA,NA,-4.8632616814758833e-4,NA
"nld",33670,33611.979980533,NA,NA,NA,NA,NA,NA,NA,NA,NA,NA,NA,NA,NA,NA,NA,NA,-4.3724889597918093e-4
"pol",306100,306090.6381706,-0.0030584218882689918,NA,NA,NA,NA,NA,NA,NA,NA,NA,NA,NA,NA,NA,NA,NA,NA
"pol",306100,306079.58561862,NA,-0.0036108755387176394,NA,NA,NA,NA,NA,NA,NA,NA,NA,NA,NA,NA,NA,NA,NA
"pol",306100,306076.11722834,NA,NA,-0.0011331661577407282,NA,NA,NA,NA,NA,NA,NA,NA,NA,NA,NA,NA,NA,NA
"pol",306100,306075.647183305,NA,NA,NA,-1.5357128784199148e-4,NA,NA,NA,NA,NA,NA,NA,NA,NA,NA,NA,NA,NA
"pol",306100,306075.118272545,NA,NA,NA,NA,-1.728039342174803e-4,NA,NA,NA,NA,NA,NA,NA,NA,NA,NA,NA,NA
"pol",306100,306074.54278247,NA,NA,NA,NA,NA,-1.8802249533989013e-4,NA,NA,NA,NA,NA,NA,NA,NA,NA,NA,NA
"pol",306100,306073.92890402,NA,NA,NA,NA,NA,NA,-0.00020056501414122963,NA,NA,NA,NA,NA,NA,NA,NA,NA,NA
"pol",306100,306073.317167945,NA,NA,NA,NA,NA,NA,NA,-1.9986546296868468e-4,NA,NA,NA,NA,NA,NA,NA,NA,NA
"pol",306100,306072.734594745,NA,NA,NA,NA,NA,NA,NA,NA,-1.903377940259965e-4,NA,NA,NA,NA,NA,NA,NA,NA
"pol",306100,306072.19459862,NA,NA,NA,NA,NA,NA,NA,NA,NA,-1.7642738602274832e-4,NA,NA,NA,NA,NA,NA,NA
"pol",306100,306071.70612237,NA,NA,NA,NA,NA,NA,NA,NA,NA,NA,-1.595951081623248e-4,NA,NA,NA,NA,NA,NA
"pol",306100,306071.347773345,NA,NA,NA,NA,NA,NA,NA,NA,NA,NA,NA,-1.1708008867961084e-4,NA,NA,NA,NA,NA
"pol",306100,306071.171956445,NA,NA,NA,NA,NA,NA,NA,NA,NA,NA,NA,NA,-5.744310969113542e-5,NA,NA,NA,NA
"pol",306100,306070.998113415,NA,NA,NA,NA,NA,NA,NA,NA,NA,NA,NA,NA,NA,-5.67982371246778e-5,NA,NA,NA
"pol",306100,306070.705872085,NA,NA,NA,NA,NA,NA,NA,NA,NA,NA,NA,NA,NA,NA,-9.548154897842664e-5,NA,NA
"pol",306100,306070.3280687825,NA,NA,NA,NA,NA,NA,NA,NA,NA,NA,NA,NA,NA,NA,NA,-1.2343660965585812e-4,NA
"pol",306100,306069.8865943925,NA,NA,NA,NA,NA,NA,NA,NA,NA,NA,NA,NA,NA,NA,NA,NA,-1.442395258677287e-4
"prt",91605.6,91432.37829000001,-0.1890951099059457,NA,NA,NA,NA,NA,NA,NA,NA,NA,NA,NA,NA,NA,NA,NA,NA
"prt",91605.6,91228.67899895001,NA,-0.2227868232891339,NA,NA,NA,NA,NA,NA,NA,NA,NA,NA,NA,NA,NA,NA,NA
"prt",91605.6,91166.65230615,NA,NA,-0.06799034413369487,NA,NA,NA,NA,NA,NA,NA,NA,NA,NA,NA,NA,NA,NA
"prt",91605.6,91161.25761705001,NA,NA,NA,-0.005917392997911719,NA,NA,NA,NA,NA,NA,NA,NA,NA,NA,NA,NA,NA
"prt",91605.6,91155.80120195,NA,NA,NA,NA,-0.005985453955592579,NA,NA,NA,NA,NA,NA,NA,NA,NA,NA,NA,NA
"prt",91605.6,91149.6942237,NA,NA,NA,NA,NA,-0.006699494897166591,NA,NA,NA,NA,NA,NA,NA,NA,NA,NA,NA
"prt",91605.6,91142.54412420001,NA,NA,NA,NA,NA,NA,-0.007844348311747407,NA,NA,NA,NA,NA,NA,NA,NA,NA,NA
"prt",91605.6,91135.1825531,NA,NA,NA,NA,NA,NA,NA,-0.00807698662653733,NA,NA,NA,NA,NA,NA,NA,NA,NA
"prt",91605.6,91128.16394350001,NA,NA,NA,NA,NA,NA,NA,NA,-0.007701317321562318,NA,NA,NA,NA,NA,NA,NA,NA
"prt",91605.6,91121.2246935,NA,NA,NA,NA,NA,NA,NA,NA,NA,-0.007614824769552886,NA,NA,NA,NA,NA,NA,NA
"prt",91605.6,91114.18906850001,NA,NA,NA,NA,NA,NA,NA,NA,NA,NA,-0.007721170367991359,NA,NA,NA,NA,NA,NA
"prt",91605.6,91107.2199127,NA,NA,NA,NA,NA,NA,NA,NA,NA,NA,NA,-0.007648815043248547,NA,NA,NA,NA,NA
"prt",91605.6,91100.4257889,NA,NA,NA,NA,NA,NA,NA,NA,NA,NA,NA,NA,-0.007457283634071388,NA,NA,NA,NA
"prt",91605.6,91093.8588113,NA,NA,NA,NA,NA,NA,NA,NA,NA,NA,NA,NA,NA,-0.007208503739830618,NA,NA,NA
"prt",91605.6,91087.5537227,NA,NA,NA,NA,NA,NA,NA,NA,NA,NA,NA,NA,NA,NA,-0.006921529818004757,NA,NA
"prt",91605.6,91081.27925925,NA,NA,NA,NA,NA,NA,NA,NA,NA,NA,NA,NA,NA,NA,NA,-0.006888387264303297,NA
"prt",91605.6,91074.88124505001,NA,NA,NA,NA,NA,NA,NA,NA,NA,NA,NA,NA,NA,NA,NA,NA,-0.007024510692021924
"rou",230080,229224.83659,-0.3716808979485453,NA,NA,NA,NA,NA,NA,NA,NA,NA,NA,NA,NA,NA,NA,NA,NA
"rou",230080,228219.34029975,NA,-0.4386506738135232,NA,NA,NA,NA,NA,NA,NA,NA,NA,NA,NA,NA,NA,NA,NA
"rou",230080,227913.47077575,NA,NA,-0.13402436603237033,NA,NA,NA,NA,NA,NA,NA,NA,NA,NA,NA,NA,NA,NA
"rou",230080,227887.235125,NA,NA,NA,-0.011511233039751545,NA,NA,NA,NA,NA,NA,NA,NA,NA,NA,NA,NA,NA
"rou",230080,227860.6380855,NA,NA,NA,NA,-0.011671140546964942,NA,NA,NA,NA,NA,NA,NA,NA,NA,NA,NA,NA
"rou",230080,227829.9046365,NA,NA,NA,NA,NA,-0.013487827146552167,NA,NA,NA,NA,NA,NA,NA,NA,NA,NA,NA
"rou",230080,227792.5180975,NA,NA,NA,NA,NA,NA,-0.016409847100473662,NA,NA,NA,NA,NA,NA,NA,NA,NA,NA
"rou",230080,227753.57840625,NA,NA,NA,NA,NA,NA,NA,-0.017094367969250346,NA,NA,NA,NA,NA,NA,NA,NA,NA
"rou",230080,227716.48552125,NA,NA,NA,NA,NA,NA,NA,NA,-0.016286411506483134,NA,NA,NA,NA,NA,NA,NA,NA
"rou",230080,227679.4635745,NA,NA,NA,NA,NA,NA,NA,NA,NA,-0.0162579124059703,NA,NA,NA,NA,NA,NA,NA
"rou",230080,227641.328654,NA,NA,NA,NA,NA,NA,NA,NA,NA,NA,-0.01674938964686401,NA,NA,NA,NA,NA,NA
"rou",230080,227598.9248805,NA,NA,NA,NA,NA,NA,NA,NA,NA,NA,NA,-0.018627449484120984,NA,NA,NA,NA,NA
"rou",230080,227550.1483345,NA,NA,NA,NA,NA,NA,NA,NA,NA,NA,NA,NA,-0.021430921093157362,NA,NA,NA,NA
"rou",230080,227489.313041,NA,NA,NA,NA,NA,NA,NA,NA,NA,NA,NA,NA,NA,-0.026734895118851743,NA,NA,NA
"rou",230080,227412.62835,NA,NA,NA,NA,NA,NA,NA,NA,NA,NA,NA,NA,NA,NA,-0.03370913999206637,NA,NA
"rou",230080,227344.5302545,NA,NA,NA,NA,NA,NA,NA,NA,NA,NA,NA,NA,NA,NA,NA,-0.029944729100628287,NA
"rou",230080,227301.3094165,NA,NA,NA,NA,NA,NA,NA,NA,NA,NA,NA,NA,NA,NA,NA,NA,-0.019011162464122044
"svn",20136.4,20136.374764375003,-1.2532341927551371e-4,NA,NA,NA,NA,NA,NA,NA,NA,NA,NA,NA,NA,NA,NA,NA,NA
"svn",20136.4,20136.3453228125,NA,-1.4621083908039623e-4,NA,NA,NA,NA,NA,NA,NA,NA,NA,NA,NA,NA,NA,NA,NA
"svn",20136.4,20136.3369109375,NA,NA,-4.17745865122221e-5,0,0,0,0,NA,NA,NA,NA,NA,NA,NA,NA,NA,NA
"svn",20136.4,20136.336906359244,NA,NA,NA,NA,NA,NA,NA,-2.2736301730219566e-8,NA,NA,NA,NA,NA,NA,NA,NA,NA
"svn",20136.4,20136.33689415055,NA,NA,NA,NA,NA,NA,NA,NA,-6.063015645096925e-8,NA,NA,NA,NA,NA,NA,NA,NA
"svn",20136.4,20136.335801631798,NA,NA,NA,NA,NA,NA,NA,NA,NA,-5.4256082293591135e-6,NA,NA,NA,NA,NA,NA,NA
"svn",20136.4,20136.332913683225,NA,NA,NA,NA,NA,NA,NA,NA,NA,NA,-1.4341976617426866e-5,NA,NA,NA,NA,NA,NA
"svn",20136.4,20136.329519315175,NA,NA,NA,NA,NA,NA,NA,NA,NA,NA,NA,-1.6856932516517986e-5,NA,NA,NA,NA,NA
"svn",20136.4,20136.326477867875,NA,NA,NA,NA,NA,NA,NA,NA,NA,NA,NA,NA,-1.5104278550115424e-5,NA,NA,NA,NA
"svn",20136.4,20136.32388833255,NA,NA,NA,NA,NA,NA,NA,NA,NA,NA,NA,NA,NA,-1.286001857225827e-5,NA,NA,NA
"svn",20136.4,20136.321816703352,NA,NA,NA,NA,NA,NA,NA,NA,NA,NA,NA,NA,NA,NA,-1.028802084634961e-5,NA,NA
"svn",20136.4,20136.3203221915,NA,NA,NA,NA,NA,NA,NA,NA,NA,NA,NA,NA,NA,NA,NA,-7.421970438237224e-6,NA
"svn",20136.4,20136.31944427115,NA,NA,NA,NA,NA,NA,NA,NA,NA,NA,NA,NA,NA,NA,NA,NA,-4.359884697713312e-6
"swe",407280,406845.02289,-0.1068005082498491,NA,NA,NA,NA,NA,NA,NA,NA,NA,NA,NA,NA,NA,NA,NA,NA
"swe",407280,406336.771786575,NA,-0.1249249898191529,NA,NA,NA,NA,NA,NA,NA,NA,NA,NA,NA,NA,NA,NA,NA
"swe",407280,406189.705260775,NA,NA,-0.03619326037201942,NA,NA,NA,NA,NA,NA,NA,NA,NA,NA,NA,NA,NA,NA
"swe",407280,406186.9825164,NA,NA,NA,-6.703134864616267e-4,NA,NA,NA,NA,NA,NA,NA,NA,NA,NA,NA,NA,NA
"swe",407280,406184.04302265,NA,NA,NA,NA,-7.236799495102808e-4,NA,NA,NA,NA,NA,NA,NA,NA,NA,NA,NA,NA
"swe",407280,406180.59805,NA,NA,NA,NA,NA,-8.481309665464565e-4,NA,NA,NA,NA,NA,NA,NA,NA,NA,NA,NA
"swe",407280,406176.4551121,NA,NA,NA,NA,NA,NA,-0.0010199743463501498,NA,NA,NA,NA,NA,NA,NA,NA,NA,NA
"swe",407280,406172.22988605,NA,NA,NA,NA,NA,NA,NA,-0.0010402439621581827,NA,NA,NA,NA,NA,NA,NA,NA,NA
"swe",407280,406168.33282325,NA,NA,NA,NA,NA,NA,NA,NA,-9.59460670435508e-4,NA,NA,NA,NA,NA,NA,NA,NA
"swe",407280,406164.51142885,NA,NA,NA,NA,NA,NA,NA,NA,NA,-9.408400633792446e-4,NA,NA,NA,NA,NA,NA,NA
"swe",407280,406160.59737295,NA,NA,NA,NA,NA,NA,NA,NA,NA,NA,-9.636627006703868e-4,NA,NA,NA,NA,NA,NA
"swe",407280,406156.2827027,NA,NA,NA,NA,NA,NA,NA,NA,NA,NA,NA,-0.0010623064565895568,NA,NA,NA,NA,NA
"swe",407280,406151.3621162,NA,NA,NA,NA,NA,NA,NA,NA,NA,NA,NA,NA,-0.0012115007718915827,NA,NA,NA,NA
"swe",407280,406145.9242879,NA,NA,NA,NA,NA,NA,NA,NA,NA,NA,NA,NA,NA,-0.0013388674290459868,NA,NA,NA
"swe",407280,406140.0283341,NA,NA,NA,NA,NA,NA,NA,NA,NA,NA,NA,NA,NA,NA,-0.0014516836061684302,NA,NA
"swe",407280,406131.8329136,NA,NA,NA,NA,NA,NA,NA,NA,NA,NA,NA,NA,NA,NA,NA,-0.002017880516125281,NA
"swe",407280,406120.1104656,NA,NA,NA,NA,NA,NA,NA,NA,NA,NA,NA,NA,NA,NA,NA,NA,-0.002886365226761889
